pid,name,team,pos,mp,starts,mins,g,a,yc,rc,rating_best,xg,shots,sot,passes,passAcc,keyPasses,touches,tackles,interceptions,aerials,dribbles,fouls,clearances,dispossessed,saves,ga,rating,pass_pct,xg_diff
11119,Lionel Messi,Argentina,FW,2,2,176,5,0,0,0,10.0,2.3,13,8,77,60,4,129,4,0,0,3,1,1,7,0,5,9.65,78,2.7
337782,Vinicius Junior,Brazil,AML,3,3,276,4,1,0,0,9.4,3.07,12,8,82,67,5,143,2,0,0,7,4,0,2,0,5,8.27,82,0.93
357091,Deniz Undav,Germany,Sub,3,0,104,3,2,0,0,8.4,1.8,5,4,26,20,7,35,0,0,1,0,2,0,0,0,5,7.6,77,1.2
315227,Erling Haaland,Norway,FW,2,2,197,4,0,0,0,8.9,3.85,10,7,20,10,3,44,0,0,7,1,4,1,2,0,4,8.85,50,0.15
300713,Kylian Mbappe,France,FW,2,2,189,4,0,0,0,8.8,2.7,12,7,55,50,2,97,2,0,0,3,3,0,1,0,4,8.6,91,1.3
532577,Johan Manzambi,Switzerland,Sub,3,1,143,3,1,0,0,8.2,1.19,6,3,38,28,2,68,1,0,1,2,2,3,2,0,4,7.4,74,1.81
362758,Matheus Cunha,Brazil,Sub,3,2,178,3,0,0,0,8.6,1.78,7,4,64,54,1,99,6,2,3,2,0,3,1,0,3,7.73,84,1.22
383855,Jonathan David,Canada,FW,3,3,253,3,0,0,0,10.0,2.55,13,6,60,41,2,104,2,2,2,0,0,0,5,0,3,7.57,68,0.45
404776,Ismael Saibari,Morocco,FW,3,3,240,3,0,0,0,7.4,1.94,10,3,73,62,2,107,3,0,4,2,3,2,1,0,3,7.3,85,1.06
352825,Cody Gakpo,Netherlands,FWL,2,2,173,2,1,0,0,10.0,1.06,7,5,56,42,2,98,3,2,8,3,1,0,2,0,3,8.55,75,0.94
377288,Ayase Ueda,Japan,FW,2,2,167,2,1,0,0,10.0,0.39,6,3,19,13,3,42,1,0,3,2,2,2,3,0,3,8.2,68,1.61
298839,Mikel Oyarzabal,Spain,FW,2,2,140,2,1,0,0,9.6,1.9,10,4,21,15,2,48,2,0,4,0,1,0,3,0,3,7.95,71,0.1
460758,Maxi Araujo,Uruguay,AML,2,2,160,2,1,0,0,8.0,1.31,4,3,37,30,8,72,3,0,1,1,2,1,3,0,3,7.85,81,0.69
381550,Ruben Vargas,Switzerland,FWL,3,2,184,2,1,0,0,8.0,1.98,6,4,53,43,6,105,4,0,2,2,4,1,1,0,3,7.4,81,0.02
299254,Alexander Isak,Sweden,FW,2,2,184,1,2,0,0,8.6,0.47,4,3,50,41,6,75,1,0,1,1,1,0,3,0,3,7.9,82,0.53
143695,Breel Embolo,Switzerland,FW,3,3,269,1,2,0,0,7.8,1.84,7,3,36,26,8,75,1,1,3,3,6,1,3,0,3,7.5,72,-0.84
400496,Daniel Munoz,Colombia,DR,2,2,196,2,0,0,0,7.9,1.36,3,2,90,80,0,137,4,3,1,0,3,5,1,0,2,7.7,89,0.64
382564,Crysencio Summerville,Netherlands,FWR,2,1,119,2,0,1,0,7.9,0.09,2,2,39,34,1,60,3,1,1,2,1,1,0,0,2,7.65,87,1.91
5583,Cristiano Ronaldo,Portugal,FW,2,2,189,2,0,0,0,9.0,3.58,10,5,40,32,0,59,2,1,3,0,1,1,0,0,2,7.65,80,-1.58
344166,Daichi Kamada,Japan,MC,2,2,168,2,0,0,0,7.7,0.72,2,2,89,71,2,115,6,1,0,1,0,1,3,0,2,7.55,80,1.28
83532,Harry Kane,England,FW,2,2,192,2,0,0,0,8.7,1.99,10,4,31,21,2,54,1,0,4,1,3,1,3,0,2,7.55,68,0.01
509557,Julian Quinones,Mexico,ML,3,3,257,2,0,0,0,8.7,1.6,10,4,84,69,4,142,3,0,2,5,3,3,9,0,2,7.53,82,0.4
470690,Yasin Ayari,Sweden,MC,2,2,174,2,0,1,0,8.9,0.2,7,3,51,37,1,101,6,1,2,1,2,3,6,0,2,7.4,73,1.8
384065,Folarin Balogun,USA,FW,2,2,163,2,0,1,0,8.3,1.44,7,3,29,19,0,63,1,1,0,2,2,0,2,0,2,7.35,66,0.56
326413,Kai Havertz,Germany,FW,3,3,238,2,0,0,0,9.0,1.84,8,4,87,71,0,121,5,1,8,0,1,3,4,0,2,7.3,82,0.16
404568,Brian Brobbey,Netherlands,Sub,2,1,83,2,0,0,0,8.6,1.3,2,2,6,5,2,18,0,0,2,0,1,1,1,0,2,7.25,83,0.7
455336,Elijah Just,New Zealand,AML,2,2,179,2,0,0,0,8.1,1.08,4,3,53,47,1,91,5,1,1,2,2,2,1,0,2,7.25,89,0.92
273229,Cyle Larin,Canada,Sub,3,2,175,2,0,1,0,8.4,1.77,8,4,19,14,2,38,1,0,3,1,3,1,2,0,2,7.23,74,0.23
600740,Ermin Mahmic,Bosnia and Herzegovina,Sub,2,0,40,2,0,1,0,7.2,0.22,2,2,3,3,1,11,1,0,0,0,0,0,0,0,2,7.1,100,1.78
322670,Ismaila Sarr,Senegal,AMR,2,2,174,2,0,0,0,7.2,3.48,9,3,28,23,1,65,3,1,1,2,0,1,2,0,2,6.6,82,-1.48
320834,Achraf Hakimi,Morocco,DR,3,3,293,1,1,0,0,9.5,1.12,10,3,190,172,11,299,15,2,1,6,4,2,6,0,2,7.87,91,-0.12
379700,Keito Nakamura,Japan,DML,2,2,174,1,1,0,0,7.7,0.13,4,1,59,53,2,92,4,1,1,3,3,3,0,0,2,7.7,90,0.87
445119,Nathan Saliba,Canada,Sub,2,1,137,1,1,0,0,8.0,0.05,2,1,71,64,4,88,4,1,2,2,2,3,0,0,2,7.7,90,0.95
108226,Mohamed Salah,Egypt,AMC,2,2,159,1,1,0,0,8.6,0.95,6,3,51,43,8,93,1,0,2,2,2,0,3,0,2,7.6,84,0.05
377168,Luis Diaz,Colombia,FWL,2,2,188,1,1,0,0,8.5,1.63,7,3,65,50,4,105,1,0,1,3,3,0,3,0,2,7.6,77,-0.63
299513,Ousmane Dembele,France,AMC,2,2,146,1,1,0,0,8.7,0.6,5,2,77,62,3,108,3,0,0,3,0,0,2,0,2,7.55,81,0.4
447635,Luis Romo,Mexico,MC,2,2,132,1,1,0,0,7.8,0.4,1,1,60,52,2,88,5,1,2,1,1,0,2,0,2,7.55,87,0.6
142605,Ramin Rezaeian,Iran,DR,2,2,190,1,1,0,0,8.4,0.65,1,1,63,44,5,105,3,1,2,1,0,1,0,0,2,7.45,70,0.35
445354,Nathaniel Brown,Germany,DL,2,2,165,1,1,0,0,8.2,0.89,3,2,73,62,3,116,9,2,0,0,2,2,1,0,2,7.2,85,0.11
512753,Mostafa Zico,Egypt,AMR,2,2,150,1,1,0,0,8.0,1.14,6,2,45,33,3,79,5,2,1,0,2,2,4,0,2,7.1,73,-0.14
532188,Promise David,Canada,Sub,2,0,58,1,1,0,0,7.4,0.72,4,3,5,2,1,18,1,1,2,0,2,1,3,0,2,7.05,40,0.28
367783,Felix Nmecha,Germany,DMC,3,3,228,1,1,0,0,8.5,0.41,8,3,128,117,2,178,19,1,4,0,2,1,4,0,2,7.03,91,0.59
371030,Hwang In-Beom,South Korea,MC,3,3,275,1,1,0,0,8.4,0.44,4,2,219,196,1,251,6,4,2,2,1,1,1,0,2,6.97,89,0.56
430982,Soufiane Rahimi,Morocco,Sub,3,0,53,1,1,0,0,8.0,0.24,2,1,11,9,1,25,1,0,1,1,3,0,0,0,2,6.7,82,0.76
371281,Michael Olise,France,AMR,2,2,166,0,2,0,0,8.5,0.55,5,2,99,84,7,137,5,0,1,5,0,0,5,0,2,8.25,85,-0.55
447636,Roberto Alvarado,Mexico,MR,3,3,272,0,2,0,0,8.2,0.08,2,0,117,97,6,163,8,1,0,3,2,4,4,0,2,7.6,83,-0.08
394786,Florian Wirtz,Germany,AML,3,3,260,0,2,0,0,8.2,1.36,8,1,176,149,8,236,12,2,1,6,1,0,3,0,2,7.53,85,-1.36
322153,Denzel Dumfries,Netherlands,DR,2,2,191,0,2,0,0,8.2,0.0,0,0,72,61,4,115,5,1,4,0,2,4,1,0,2,7.35,85,0.0
338780,Bruno Guimaraes,Brazil,DMC,3,3,255,0,2,0,0,8.2,0.03,2,0,115,97,5,167,11,1,3,2,3,3,3,0,2,7.3,84,-0.03
247454,Martin degaard,Norway,MR,2,2,180,0,2,0,0,7.2,0.62,4,1,87,79,2,122,4,1,0,1,1,2,3,0,2,7.2,91,-0.62
283323,Joshua Kimmich,Germany,DR,3,3,234,0,2,0,0,8.0,0.0,0,0,199,182,8,261,9,4,0,0,0,0,1,0,2,7.17,91,0.0
317541,Brahim Diaz,Morocco,AMR,3,3,216,0,2,0,0,7.6,0.68,5,1,82,76,6,138,1,1,0,5,1,0,9,0,2,7.0,93,-0.68
561632,Mateo Chavez,Mexico,DL,1,1,77,1,0,0,0,8.0,0.39,1,1,18,16,1,35,1,0,1,2,1,1,0,0,1,8.0,89,0.61
440159,Alex Freeman,USA,DR,2,2,190,1,0,0,0,8.4,0.65,1,1,139,123,2,189,7,4,10,4,1,6,1,0,1,7.8,88,0.35
443290,Nadhir Benbouali,Algeria,Sub,1,0,52,1,0,0,0,7.8,0.14,2,2,9,6,0,20,1,0,4,1,0,0,2,0,1,7.8,67,0.86
362815,Viktor Gyokeres,Sweden,FW,2,2,191,1,0,0,0,8.4,1.2,10,5,39,34,7,69,1,0,4,1,2,1,5,0,1,7.75,87,-0.2
436554,Matias Galarza,Paraguay,ML,1,1,91,1,0,1,0,7.7,0.03,2,1,18,10,0,45,7,1,1,2,2,1,1,0,1,7.7,56,0.97
371275,Nico Schlotterbeck,Germany,DC,2,2,140,1,0,0,0,9.0,0.5,2,2,130,109,1,154,4,5,5,2,2,6,1,0,1,7.6,84,0.5
98126,Ante Budimir,Croatia,Sub,1,0,50,1,0,0,0,7.6,0.65,1,1,8,3,0,21,1,0,6,1,2,1,2,0,1,7.6,38,0.35
386634,Amad Diallo,Ivory Coast,Sub,2,1,117,1,0,0,0,8.4,0.77,3,2,35,32,3,65,3,2,0,6,0,0,3,0,1,7.55,91,0.23
407944,Martin Baturina,Croatia,AMC,2,2,172,1,0,0,0,7.6,0.03,2,1,57,46,1,94,3,0,3,7,0,1,3,0,1,7.55,81,0.97
395221,Nuno Mendes,Portugal,DL,2,2,166,1,0,0,0,8.8,0.05,1,1,125,105,3,187,6,0,2,3,3,3,1,0,1,7.55,84,0.95
480249,Lamine Yamal,Spain,Sub,2,1,70,1,0,0,0,8.2,0.8,7,2,51,45,2,88,1,0,0,4,1,1,1,0,1,7.35,88,0.2
357133,Marcus Pedersen,Norway,Sub,1,0,88,1,0,0,0,7.3,0.09,1,1,26,23,1,43,1,0,1,0,1,2,1,0,1,7.3,88,0.91
465388,Joao Neves,Portugal,DMC,2,2,169,1,0,0,0,7.5,0.06,1,1,143,139,1,161,3,1,1,0,0,0,0,0,1,7.25,97,0.94
395252,Jamal Musiala,Germany,AMC,3,3,219,1,0,0,0,8.5,0.41,6,1,80,56,4,143,9,1,0,9,4,0,9,0,1,7.23,70,0.59
442302,Connor Metcalfe,Australia,MR,2,1,143,1,0,0,0,8.1,0.07,2,2,30,19,1,60,3,0,2,1,0,4,1,0,1,7.2,63,0.93
95408,Virgil van Dijk,Netherlands,DC,2,2,191,1,0,0,0,7.6,0.06,1,1,182,170,0,205,0,2,4,0,1,16,0,0,1,7.2,93,0.94
370255,Junya Ito,Japan,Sub,2,1,126,1,0,0,0,7.8,0.58,2,1,56,44,3,96,3,1,1,1,2,0,2,0,1,7.2,79,0.42
457091,Ali Olwan,Jordan,AMC,2,2,193,1,0,0,0,7.7,0.34,6,3,41,23,2,81,2,1,3,5,0,0,4,0,1,7.2,56,0.66
425366,Bradley Barcola,France,Sub,2,1,102,1,0,0,0,7.2,0.42,2,1,39,31,0,56,2,1,2,3,0,0,0,0,1,7.15,79,0.58
436657,Agustin Canobbio,Uruguay,Sub,2,1,151,1,0,0,0,7.6,0.84,3,1,57,48,2,92,6,2,1,1,4,0,3,0,1,7.15,84,0.16
382206,Gonzalo Plata,Ecuador,FW,3,3,290,1,0,1,0,7.3,1.63,8,5,115,94,6,186,11,1,0,5,5,0,7,0,1,7.13,82,-0.63
108186,Raul Jimenez,Mexico,FW,2,2,154,1,0,0,0,8.0,1.4,6,3,40,29,2,64,1,0,7,0,3,1,3,0,1,7.1,72,-0.4
417909,Jaminton Campaz,Colombia,Sub,1,0,29,1,0,0,0,7.1,0.39,2,1,2,1,0,12,1,0,0,1,0,0,0,0,1,7.1,50,0.61
513409,Gessime Yassine,Morocco,Sub,1,0,29,1,0,0,0,7.1,0.65,1,1,7,6,0,10,1,0,0,0,1,0,0,0,1,7.1,86,0.35
561984,Caleb Yirenkyi,Ghana,MC,2,2,197,1,0,1,0,7.9,0.72,2,1,43,37,0,68,4,3,0,3,4,2,2,0,1,7.05,86,0.28
449011,Jovo Lukic,Bosnia and Herzegovina,FW,2,1,73,1,0,1,0,8.0,0.74,3,2,20,9,0,33,1,0,10,0,1,3,0,0,1,7.0,45,0.26
389087,Giovanni Reyna,USA,Sub,1,0,17,1,0,0,0,7.0,0.08,1,1,9,8,0,15,0,0,0,0,1,0,0,0,1,7.0,89,0.92
376914,Mauricio,Paraguay,Sub,1,0,53,1,0,0,0,7.0,0.4,1,1,20,14,0,27,2,0,0,0,0,0,0,0,1,7.0,70,0.6
282348,Mattias Svanberg,Sweden,Sub,1,0,13,1,0,0,0,7.0,0.49,1,1,2,1,0,3,0,0,0,0,0,0,0,0,1,7.0,50,0.51
431068,Emam Ashour,Egypt,AML,2,2,154,1,0,0,0,7.5,1.15,5,1,82,68,3,118,2,1,4,2,1,1,3,0,1,7.0,83,-0.15
483919,Finn Surman,New Zealand,DC,2,2,195,1,0,0,0,7.2,0.49,2,1,100,95,1,133,1,4,2,0,3,12,0,0,1,7.0,95,0.51
464861,Nizar Al Rashdan,Jordan,MC,2,2,199,1,0,0,0,7.0,0.45,2,1,54,37,1,96,9,0,3,4,4,4,4,0,1,7.0,69,0.55
313545,Trezeguet,Egypt,Sub,1,0,25,1,0,0,0,7.0,0.07,1,1,6,3,0,11,0,0,0,0,1,0,0,0,1,7.0,50,0.93
493061,Helio Varela,Cape Verde,Sub,1,0,40,1,0,0,0,7.0,0.11,1,1,2,2,0,8,1,0,0,1,0,1,2,0,1,7.0,100,0.89
383847,Romano Schmid,Austria,AMR,2,2,159,1,0,0,0,7.3,0.03,1,1,50,36,1,81,6,0,0,2,2,1,4,0,1,6.95,72,0.97
456639,Thapelo Maseko,South Africa,FWR,2,2,157,1,0,0,0,7.5,0.51,8,1,27,24,1,72,4,1,0,3,2,0,1,0,1,6.95,89,0.49
438902,Kevin Pina,Cape Verde,DMC,2,2,165,1,0,0,0,7.8,0.02,2,1,45,33,2,79,4,2,4,2,1,7,3,0,1,6.9,73,0.98
379868,Jude Bellingham,England,AMC,2,2,151,1,0,0,0,7.7,1.15,4,2,55,45,2,82,7,1,0,1,2,1,3,0,1,6.9,82,-0.15
144711,Leroy Sane,Germany,AMR,3,3,251,1,0,0,0,7.2,1.28,5,2,134,113,3,175,8,1,1,2,3,2,2,0,1,6.87,84,-0.28
443064,Nilson Angulo,Ecuador,Sub,3,1,153,1,0,0,0,8.0,0.03,2,2,48,38,2,84,2,2,2,6,3,0,1,0,1,6.87,79,0.97
452407,Alvaro Fidalgo,Mexico,MC,2,1,90,1,0,0,0,7.1,0.35,1,1,48,43,1,57,1,1,1,1,0,0,0,0,1,6.85,90,0.65
404245,Ladislav Krejci,Czechia,DC,3,3,289,1,0,1,0,7.6,0.7,5,1,160,135,2,206,9,1,9,1,6,11,0,0,1,6.83,84,0.3
535536,Ibrahim Mbaye,Senegal,Sub,2,0,72,1,0,0,0,6.9,0.13,2,1,24,21,2,37,0,0,3,2,0,0,2,0,1,6.8,88,0.87
538923,Kerim Alajbegovic,Bosnia and Herzegovina,Sub,3,2,194,1,0,0,0,8.5,0.05,2,1,61,50,4,112,2,1,0,8,4,3,4,0,1,6.77,82,0.95
89401,Granit Xhaka,Switzerland,MC,3,3,290,1,0,1,0,7.5,0.82,5,1,235,218,3,263,4,2,1,0,1,1,2,0,1,6.77,93,0.18
477369,Nestory Irankunda,Australia,ML,2,1,107,1,0,0,0,7.3,0.45,2,2,15,11,1,32,0,0,2,1,3,3,3,0,1,6.75,73,0.55
277269,Franck Kessie,Ivory Coast,MC,2,2,191,1,0,1,0,6.8,0.76,2,1,90,83,1,105,3,0,0,1,4,1,1,0,1,6.75,92,0.24
425086,Mohammad Mohebbi,Iran,MR,2,2,160,1,0,0,0,7.2,0.44,2,1,38,25,1,58,4,1,3,0,0,3,1,0,1,6.75,66,0.56
348654,Amine Gouiri,Algeria,FW,2,2,148,1,0,0,0,7.6,0.79,3,2,36,32,1,48,2,0,0,1,1,0,2,0,1,6.75,89,0.21
349207,Rafael Leao,Portugal,Sub,2,0,36,1,0,0,0,7.3,0.1,1,1,13,12,1,24,1,0,0,2,1,0,1,0,1,6.7,92,0.9
457247,Teboho Mokoena,South Africa,MC,2,2,194,1,0,2,0,7.6,0.77,2,1,139,132,6,179,5,4,2,1,3,2,2,0,1,6.65,95,0.23
404198,Petar Musa,Croatia,FW,2,2,110,1,0,0,0,7.2,0.55,1,1,15,7,0,27,2,0,4,0,1,1,0,0,1,6.65,47,0.45
361838,Michal Sadilek,Czechia,Sub,3,2,195,1,0,0,0,7.3,0.77,7,3,78,65,1,116,9,2,0,0,0,2,2,0,1,6.6,83,0.23
444161,Livano Comenencia,Curacao,MC,2,2,178,1,0,1,0,7.2,0.2,5,2,42,34,2,83,0,6,1,2,3,4,2,0,1,6.6,81,0.8
369971,Leo stigard,Norway,Sub,2,0,42,1,0,0,0,7.0,0.64,2,1,22,19,0,27,1,0,2,0,0,1,0,0,1,6.6,86,0.36
447660,Abdulelah Al Amri,Saudi Arabia,DC,2,2,157,1,0,1,0,7.5,0.81,3,2,47,38,0,71,1,3,3,0,1,12,0,0,1,6.6,81,0.19
300299,Marcus Rashford,England,Sub,2,0,39,1,0,0,0,7.0,0.1,1,1,12,9,0,23,1,0,0,0,2,1,0,0,1,6.55,75,0.9
296240,Yoane Wissa,DR Congo,FW,2,2,190,1,0,0,0,7.0,0.52,3,1,31,26,1,57,3,0,3,0,4,1,2,0,1,6.55,84,0.48
37757,Hassan Al Haydos,Qatar,Sub,2,1,65,1,0,0,0,6.9,0.65,1,1,12,8,1,20,0,0,0,1,1,1,0,0,1,6.5,67,0.35
363535,Wilson Isidor,Haiti,FW,3,2,191,1,0,0,0,7.3,0.19,5,2,23,17,2,50,3,1,5,0,3,1,1,0,1,6.5,74,0.81
413211,Anthony Elanga,Sweden,Sub,2,0,48,1,0,0,0,6.9,0.35,1,1,11,9,0,24,0,0,0,1,0,0,0,0,1,6.5,82,0.65
495568,Abbosbek Fayzullaev,Uzbekistan,AMC,2,2,148,1,0,0,0,6.8,0.71,2,2,26,18,1,59,3,1,1,0,2,2,3,0,1,6.5,69,0.29
34693,Marko Arnautovic,Austria,Sub,2,0,87,1,0,0,0,6.9,1.11,2,2,15,11,1,22,2,0,1,0,0,0,0,0,1,6.4,73,-0.11
461463,Oh Hyeon-Gyu,South Korea,Sub,3,1,141,1,0,0,0,7.1,1.1,4,2,22,16,1,39,2,0,4,0,0,0,0,0,1,6.37,73,-0.1
395404,Omar Rekik,Tunisia,DC,2,2,191,1,0,0,0,6.6,0.06,1,1,103,80,1,123,4,3,3,0,0,4,0,0,1,6.3,78,0.94
295169,Aymen Hussein,Iraq,FW,2,2,122,1,0,0,0,6.5,0.22,3,1,20,14,1,36,0,0,6,0,2,1,0,0,1,6.3,70,0.78
318449,John McGinn,Scotland,ML,3,3,260,1,0,0,0,7.5,1.14,3,1,55,48,3,100,3,0,2,2,2,0,3,0,1,6.27,87,-0.14
302692,Christian Pulisic,USA,AML,1,1,45,0,1,0,0,8.1,0.0,0,0,22,18,2,38,2,0,0,4,1,0,0,0,1,8.1,82,0.0
123761,Bruno Fernandes,Portugal,AMC,2,2,189,0,1,0,0,8.7,0.18,4,1,150,130,3,190,8,0,5,1,2,0,2,0,1,7.85,87,-0.18
417747,Julio Enciso,Paraguay,FW,2,2,189,0,1,0,0,8.3,0.24,3,0,45,34,5,87,6,1,0,9,0,1,0,0,1,7.7,76,-0.24
332325,Declan Rice,England,DMC,2,2,167,0,1,1,0,7.6,0.24,4,1,82,74,10,121,2,0,2,3,2,0,2,0,1,7.55,90,-0.24
371063,Wilfried Singo,Ivory Coast,DC,2,2,179,0,1,0,0,7.9,0.23,2,0,85,73,1,130,2,4,4,4,3,11,0,0,1,7.45,86,-0.23
319756,Lucas Paqueta,Brazil,AMR,3,3,188,0,1,0,0,7.8,0.18,3,1,143,124,7,188,9,5,2,3,3,4,3,0,1,7.43,87,-0.18
122117,Aymeric Laporte,Spain,DC,2,2,193,0,1,0,0,7.6,0.08,2,1,196,187,2,216,2,4,4,0,1,6,1,0,1,7.4,95,-0.08
397465,Malik Tillman,USA,DMC,2,2,173,0,1,0,0,7.3,1.0,5,2,78,64,5,141,5,3,1,3,1,1,7,0,1,7.3,82,-1.0
128967,Joao Cancelo,Portugal,DR,2,2,139,0,1,0,0,7.9,0.03,1,0,92,80,2,146,3,2,0,3,4,6,3,0,1,7.3,87,-0.03
413272,Josip Stanisic,Croatia,DMR,2,2,191,0,1,0,0,7.8,0.0,0,0,65,57,2,113,7,3,2,1,0,5,0,0,1,7.25,88,0.0
363884,Ryan Gravenberch,Netherlands,MC,2,2,175,0,1,0,0,7.4,0.02,1,0,54,48,2,80,4,3,1,2,2,1,2,0,1,7.2,89,-0.02
330672,Facundo Medina,Argentina,DL,2,2,177,0,1,1,0,7.4,0.0,0,0,79,74,1,113,6,1,1,0,3,6,1,0,1,7.2,94,0.0
570078,Paul Okon-Engstler,Australia,MC,2,2,160,0,1,0,0,8.1,0.0,0,0,69,60,2,101,6,4,3,0,3,6,1,0,1,7.15,87,0.0
472904,Gustavo Puerta,Colombia,MC,2,2,175,0,1,0,0,7.3,0.13,6,2,103,92,2,136,1,2,2,2,3,1,1,0,1,7.15,89,-0.13
261021,Nadiem Amiri,Germany,Sub,1,0,34,0,1,0,0,7.1,0.11,1,1,11,10,1,14,0,0,0,0,0,0,0,0,1,7.1,91,-0.11
116609,Adrien Rabiot,France,DMC,2,2,191,0,1,0,0,7.4,0.39,1,0,123,118,2,134,2,0,3,0,3,1,1,0,1,7.05,96,-0.39
70524,Ivan Perisic,Croatia,DML,2,2,191,0,1,0,0,7.3,0.0,0,0,72,63,5,105,4,2,4,0,2,6,0,0,1,7.05,88,0.0
367780,Lee Kang-In,South Korea,AMC,3,3,288,0,1,1,0,8.0,0.15,4,1,155,137,7,226,6,0,2,9,1,0,3,0,1,7.0,88,-0.15
450471,Mohamed Hany,Egypt,DR,2,2,195,0,1,0,0,7.4,0.07,3,0,89,70,2,149,9,2,0,2,1,8,0,0,1,7.0,79,-0.07
109915,Sadio Mane,Senegal,AML,2,2,199,0,1,0,0,7.9,0.01,1,1,64,55,5,111,4,2,3,5,2,1,1,0,1,7.0,86,-0.01
328490,Dennis Hadzikadunic,Bosnia and Herzegovina,Sub,1,0,33,0,1,0,0,7.0,0.0,0,0,11,9,1,17,2,0,0,0,1,3,1,0,1,7.0,82,0.0
512221,Tshepang Moremi,South Africa,Sub,1,0,35,0,1,0,0,7.0,0.0,0,0,6,3,1,10,2,0,0,1,1,1,0,0,1,7.0,50,0.0
509815,Kaishu Sano,Japan,MC,2,2,191,0,1,0,0,7.7,0.0,0,0,106,96,1,120,5,3,1,0,2,0,2,0,1,6.95,91,0.0
261212,Dani Olmo,Spain,Sub,2,1,75,0,1,0,0,7.6,0.11,2,0,50,45,2,62,2,1,1,1,1,0,0,0,1,6.9,90,-0.11
110260,Sead Kolasinac,Bosnia and Herzegovina,DL,3,3,276,0,1,0,0,7.6,0.0,0,0,120,99,3,192,6,2,3,1,5,14,4,0,1,6.87,82,0.0
122980,Arthur Masuaku,DR Congo,DL,2,2,145,0,1,0,0,7.0,0.0,0,0,40,32,3,76,3,0,0,1,0,4,0,0,1,6.8,80,0.0
362501,Cucho Hernandez,Colombia,Sub,1,0,21,0,1,0,0,6.8,0.0,0,0,3,1,1,7,0,0,1,0,0,0,1,0,1,6.8,33,0.0
415341,David Mller Wolfe,Norway,DL,2,2,172,0,1,0,0,6.9,0.0,0,0,65,53,1,91,2,1,2,1,5,1,0,0,1,6.75,82,0.0
262856,Xaver Schlager,Austria,DMC,2,2,155,0,1,0,0,7.5,0.0,0,0,108,102,1,139,10,4,3,0,5,5,4,0,1,6.75,94,0.0
337916,Pedro Neto,Portugal,AML,2,2,116,0,1,0,0,6.8,0.0,0,0,59,55,1,79,1,0,1,1,1,0,0,0,1,6.75,93,0.0
426050,Nicolas Jackson,Senegal,FW,2,2,182,0,1,0,0,7.3,0.55,4,1,37,28,3,61,2,1,5,0,2,3,5,0,1,6.7,76,-0.55
73380,Chris Wood,New Zealand,FW,2,2,195,0,1,0,0,7.4,0.36,5,2,43,31,5,77,2,0,9,0,1,1,4,0,1,6.7,72,-0.36
345322,Nico Gonzalez,Argentina,Sub,2,0,75,0,1,0,0,6.9,0.46,2,0,21,15,1,36,0,0,2,1,0,2,0,0,1,6.65,71,-0.46
367185,Bukayo Saka,England,Sub,2,0,57,0,1,0,0,6.9,0.1,2,1,13,12,1,30,0,0,0,2,0,2,2,0,1,6.65,92,-0.1
111372,Vladimir Coufal,Czechia,DMR,3,3,289,0,1,0,0,7.3,0.05,1,0,84,61,7,156,1,2,3,2,4,7,4,0,1,6.63,73,-0.05
533874,Alexandr Sojka,Czechia,MC,3,2,147,0,1,0,0,7.2,0.0,0,0,62,51,3,94,5,2,1,2,0,2,3,0,1,6.6,82,0.0
320986,Patrick Berg,Norway,Sub,2,0,72,0,1,0,0,7.0,0.0,0,0,24,23,1,30,2,0,0,2,2,0,0,0,1,6.6,96,0.0
104749,Riyad Mahrez,Algeria,Sub,2,1,108,0,1,0,0,7.2,0.5,2,1,50,45,3,82,4,0,0,1,0,1,1,0,1,6.6,90,-0.5
464388,Kevin Rodriguez,Ecuador,Sub,3,0,106,0,1,0,0,7.0,0.67,5,1,24,19,4,44,2,0,4,0,2,2,1,0,1,6.5,79,-0.67
327718,Edmilson Junior,Qatar,FWR,3,3,210,0,1,0,0,7.1,0.63,3,2,38,32,2,75,3,0,1,2,4,6,4,0,1,6.4,84,-0.63
416207,Hannibal Mejbri,Tunisia,MC,2,2,191,0,1,0,0,6.9,0.02,2,0,86,64,3,124,7,0,1,2,3,0,3,0,1,6.35,74,-0.02
114686,Tim Payne,New Zealand,DR,2,2,161,0,1,0,0,6.6,0.0,0,0,52,42,1,90,3,1,1,0,2,4,1,0,1,6.35,81,0.0
439534,Petar Sucic,Croatia,AMC,2,1,120,0,1,1,0,6.7,0.01,1,0,55,46,1,69,5,0,0,1,4,1,3,0,1,6.3,84,-0.01
407877,Amir Al Ammari,Iraq,MC,2,2,164,0,1,1,0,6.3,0.0,0,0,95,82,3,117,2,1,1,1,2,3,1,0,1,6.25,86,0.0
362352,Pedro Porro,Spain,DR,1,1,98,0,0,0,0,8.2,0.11,2,1,66,61,3,92,3,2,1,0,1,2,0,0,0,8.2,92,-0.11
259313,Alireza Beiranvand,Iran,GK,2,2,190,0,0,0,0,9.0,0.0,0,0,50,34,0,79,0,0,0,2,0,1,0,13,0,8.0,68,0.0
369525,Ko Itakura,Japan,DC,1,1,95,0,0,0,0,7.8,0.0,0,0,89,85,2,101,1,1,2,0,1,9,0,0,0,7.8,96,0.0
313171,Ruben Dias,Portugal,DC,1,1,95,0,0,0,0,7.8,0.0,0,0,63,62,0,74,2,1,3,1,1,3,2,0,0,7.8,98,0.0
402197,Pedri,Spain,MC,2,2,164,0,0,1,0,8.2,0.1,3,1,167,144,5,215,4,7,1,3,1,0,1,0,0,7.75,86,-0.1
392316,Juan Jose Caceres,Paraguay,DR,2,2,158,0,0,1,0,8.7,0.07,1,1,41,25,1,106,20,1,6,4,5,14,0,0,0,7.65,61,-0.07
67114,Eloy Room,Curacao,GK,2,2,190,0,0,0,0,10.0,0.0,0,0,58,25,0,95,0,0,0,0,0,3,0,19,0,7.65,43,0.0
235763,Diney Borges,Cape Verde,DC,2,2,193,0,0,1,0,8.1,0.36,2,1,79,57,0,129,7,3,4,1,0,23,0,0,0,7.65,72,-0.36
303139,Rodri,Spain,MC,2,2,184,0,0,0,0,7.8,0.17,3,0,245,229,4,263,4,1,5,1,1,3,2,0,0,7.6,93,-0.17
327721,Dayot Upamecano,France,DC,2,2,191,0,0,0,0,7.7,0.0,0,0,158,145,2,182,8,5,3,0,2,3,0,0,0,7.6,92,0.0
519797,Mostafa Shobeir,Egypt,GK,2,2,195,0,0,0,0,7.9,0.0,0,0,47,33,0,71,0,1,4,0,0,6,0,7,0,7.55,70,0.0
557000,Yan Diomande,Ivory Coast,MR,2,2,182,0,0,0,0,8.1,0.26,3,0,76,60,7,129,8,3,1,7,1,0,4,0,0,7.55,79,-0.26
338275,Weston McKennie,USA,AMC,2,2,190,0,0,0,0,7.9,0.24,2,0,86,69,6,117,6,4,0,4,4,1,1,0,0,7.5,80,-0.24
457078,Hossein Kanani,Iran,DC,1,1,95,0,0,0,0,7.5,0.11,1,1,16,15,1,34,1,2,1,0,0,8,1,0,0,7.5,94,-0.11
114147,Alisson Becker,Brazil,GK,3,3,291,0,0,0,0,8.0,0.0,0,0,74,61,0,103,0,0,0,1,0,3,0,10,0,7.43,82,0.0
386390,Charles De Ketelaere,Belgium,FW,1,1,65,0,0,0,0,7.4,0.0,0,0,26,21,1,47,3,3,4,2,0,3,2,0,0,7.4,81,0.0
402749,Gideon Mensah,Ghana,DL,2,2,197,0,0,0,0,7.8,0.0,0,0,64,57,0,111,7,3,3,2,2,14,2,0,0,7.4,89,0.0
119741,Joshua Brenet,Curacao,DR,1,1,95,0,0,0,0,7.4,0.0,0,0,25,19,1,56,6,0,1,1,0,4,1,0,0,7.4,76,0.0
362431,Joao Felix,Portugal,AML,1,1,63,0,0,0,0,7.4,1.01,3,1,22,19,0,43,4,0,0,4,1,0,1,0,0,7.4,86,-1.01
427879,Pedro Vite,Ecuador,MC,3,3,290,0,0,0,0,7.9,0.13,3,1,233,208,8,287,23,5,2,0,1,2,4,0,0,7.37,89,-0.13
306581,Antonee Robinson,USA,DL,2,2,177,0,0,1,0,7.5,0.0,0,0,101,83,2,156,8,2,3,6,1,6,0,0,0,7.35,82,0.0
303657,Rodrigo Bentancur,Uruguay,DMC,2,2,196,0,0,1,0,7.8,0.24,3,0,138,118,2,171,3,4,4,4,4,4,1,0,0,7.35,86,-0.24
340105,Lisandro Martinez,Argentina,DC,2,2,193,0,0,0,0,7.4,0.0,0,0,139,132,1,158,3,1,3,0,1,11,0,0,0,7.35,95,0.0
402596,Elliot Anderson,England,DMC,2,2,169,0,0,0,0,7.6,0.23,5,0,129,113,1,161,6,4,5,0,5,2,2,0,0,7.35,88,-0.23
395401,Chris Richards,USA,DC,2,2,190,0,0,0,0,7.6,0.07,1,0,179,175,0,201,5,3,6,0,6,10,0,0,0,7.3,98,-0.07
430933,Pico Lopes,Cape Verde,DC,2,2,193,0,0,0,0,7.5,0.1,1,0,75,58,0,120,5,3,4,0,0,24,1,0,0,7.3,77,-0.1
457077,Shoja Khalilzadeh,Iran,DC,2,2,190,0,0,0,0,8.3,0.06,1,0,82,69,0,116,8,2,7,0,3,18,0,0,0,7.3,84,-0.06
369430,Enzo Fernandez,Argentina,MC,2,2,193,0,0,0,0,7.4,0.14,2,0,137,126,2,165,8,3,2,1,3,3,3,0,0,7.3,92,-0.14
423347,Ao Tanaka,Japan,MC,1,1,95,0,0,0,0,7.3,0.01,1,0,75,72,0,85,4,0,1,0,1,0,0,0,0,7.3,96,-0.01
238940,Thomas Partey,Ghana,DMC,1,1,96,0,0,0,0,7.3,0.0,0,0,27,23,0,45,4,2,1,1,1,5,0,0,0,7.3,85,0.0
433572,Bilal El Khannouss,Morocco,AML,3,3,260,0,0,0,0,8.4,0.45,5,3,141,116,6,196,10,0,1,7,3,3,2,0,0,7.27,82,-0.45
108073,Abdulkerim Bardakci,Turkiye,DC,2,2,181,0,0,0,0,7.5,0.02,2,1,194,188,2,234,5,1,7,2,1,13,1,0,0,7.25,97,-0.02
123577,Vozinha,Cape Verde,GK,2,2,193,0,0,0,0,8.8,0.0,0,0,72,42,0,104,0,0,1,0,0,3,0,7,0,7.25,58,0.0
322655,Davinson Sanchez,Colombia,DC,2,2,196,0,0,0,0,7.5,0.13,2,1,142,129,3,170,3,3,3,0,2,9,0,0,0,7.25,91,-0.13
410175,Moises Caicedo,Ecuador,MC,3,3,290,0,0,0,0,8.1,0.09,3,1,234,209,8,285,12,4,4,1,4,3,0,0,0,7.23,89,-0.09
363666,Nikola Katic,Bosnia and Herzegovina,DC,3,3,256,0,0,1,0,8.9,0.08,1,0,126,107,0,180,12,4,15,0,3,25,0,0,0,7.2,85,-0.08
379205,Sergino Dest,USA,AMR,2,2,150,0,0,0,0,7.3,0.18,3,1,58,50,1,91,1,2,0,6,0,0,2,0,0,7.2,86,-0.18
447486,Alessandro Circati,Australia,DC,2,2,188,0,0,1,0,7.6,0.14,2,0,56,42,0,100,6,1,7,1,3,11,2,0,0,7.2,75,-0.14
254582,Marcos Llorente,Spain,DR,1,1,95,0,0,0,0,7.2,0.0,0,0,82,76,3,102,2,0,2,0,1,2,1,0,0,7.2,93,0.0
288892,Ramy Bensebaini,Algeria,DC,2,2,193,0,0,0,0,8.1,0.07,1,0,174,158,0,205,8,6,4,1,1,7,0,0,0,7.2,91,-0.07
447643,Jorge Sanchez,Mexico,DR,2,2,192,0,0,0,0,7.9,0.04,1,1,61,58,3,98,7,3,0,2,2,0,0,0,0,7.2,95,-0.04
472122,Rayan,Brazil,Sub,2,1,137,0,0,0,0,8.1,0.37,2,1,43,41,5,71,2,2,2,2,3,0,1,0,0,7.2,95,-0.37
136345,Youri Tielemans,Belgium,DMC,2,2,190,0,0,0,0,7.2,0.17,4,1,96,83,6,132,3,0,2,1,1,3,2,0,0,7.15,86,-0.17
113994,Leandro Trossard,Belgium,AMR,2,2,190,0,0,0,0,7.3,0.22,4,0,91,80,9,136,5,0,0,6,1,0,7,0,0,7.15,88,-0.22
498386,Pau Cubarsi,Spain,DC,2,2,193,0,0,0,0,7.4,0.01,1,0,208,205,3,219,1,3,2,0,0,4,0,0,0,7.15,99,-0.01
321085,Kristoffer Ajer,Norway,DC,2,2,197,0,0,0,0,7.2,0.49,1,1,97,84,0,128,4,2,8,0,0,15,1,0,0,7.15,87,-0.49
505337,Mohannad Abu Taha,Jordan,DML,2,2,186,0,0,0,0,7.3,0.0,0,0,59,42,2,109,10,1,3,3,1,9,2,0,0,7.15,71,0.0
119120,Dominik Livakovic,Croatia,GK,2,2,191,0,0,0,0,7.5,0.0,0,0,59,39,0,82,1,0,1,0,0,3,0,8,0,7.15,66,0.0
404952,Marvin Senaya,Ghana,DR,2,2,187,0,0,0,0,7.3,0.1,1,0,41,31,0,92,14,3,0,0,3,5,1,0,0,7.15,76,-0.1
382364,Jerome Opoku,Ghana,DC,2,2,197,0,0,0,0,7.2,0.0,0,0,61,53,2,85,2,1,3,0,1,12,0,0,0,7.15,87,0.0
512761,Benjamin Asare,Ghana,Sub,2,1,152,0,0,0,0,7.2,0.0,0,0,36,21,0,49,0,0,1,0,0,3,0,6,0,7.15,58,0.0
280972,Amir Murillo,Panama,DMR,2,2,196,0,0,0,0,7.3,0.1,3,1,69,52,4,135,8,1,5,3,1,4,4,0,0,7.15,75,-0.1
397859,Alistair Johnston,Canada,DR,3,3,289,0,0,1,0,8.1,0.28,4,2,123,94,7,210,1,5,1,2,4,10,1,0,0,7.13,76,-0.28
88526,Casemiro,Brazil,DMC,3,3,204,0,0,1,0,7.5,0.01,1,0,112,98,1,156,15,4,4,0,4,9,1,0,0,7.13,88,-0.01
61610,Ricardo Rodriguez,Switzerland,DL,3,3,281,0,0,0,0,7.5,0.0,0,0,156,130,4,216,7,2,7,0,6,8,0,0,0,7.13,83,0.0
336028,Gregor Kobel,Switzerland,GK,3,3,290,0,0,0,0,8.2,0.0,0,0,100,80,0,132,0,0,3,0,0,4,0,11,0,7.1,80,0.0
315275,Tyler Adams,USA,DMC,2,2,190,0,0,1,0,7.1,0.0,0,0,126,110,2,163,10,6,2,2,3,6,1,0,0,7.1,87,0.0
599694,Patrick Beach,Australia,GK,2,2,188,0,0,0,0,8.4,0.0,0,0,49,23,0,70,0,0,0,0,0,1,0,9,0,7.1,47,0.0
279423,Frenkie de Jong,Netherlands,MC,2,2,154,0,0,0,0,7.2,0.0,0,0,126,120,1,145,9,3,1,1,2,4,0,0,0,7.1,95,0.0
129832,Brandon Mechele,Belgium,DC,2,2,190,0,0,0,0,7.2,0.58,3,1,146,134,0,171,2,2,7,0,3,11,0,0,0,7.1,92,-0.58
365389,John Yeboah,Ecuador,MR,3,3,233,0,0,0,0,7.6,0.33,6,2,85,72,7,130,2,3,1,4,0,0,5,0,0,7.1,85,-0.33
323663,Cristian Romero,Argentina,DC,2,2,135,0,0,0,0,7.1,0.0,0,0,114,111,0,134,5,2,2,0,3,7,0,0,0,7.1,97,0.0
345319,Alexis Mac Allister,Argentina,MC,2,2,193,0,0,0,0,7.1,0.07,2,1,130,122,1,149,8,3,0,0,4,2,1,0,0,7.1,94,-0.07
84130,Vladimir Darida,Czechia,MC,1,1,54,0,0,0,0,7.1,0.11,1,0,17,13,0,32,1,1,0,2,0,2,1,0,0,7.1,76,-0.11
561185,Jonas Adjetey,Ghana,DC,2,2,197,0,0,0,0,7.8,0.15,2,1,74,63,0,103,6,1,3,0,1,14,0,0,0,7.1,85,-0.15
427130,Cristian Volpato,Australia,Sub,1,0,32,0,0,0,0,7.1,0.12,1,0,15,14,1,29,1,0,1,5,0,0,2,0,0,7.1,93,-0.12
334087,Gabriel Magalhaes,Brazil,DC,3,3,291,0,0,0,0,7.6,0.14,1,0,264,252,0,297,4,1,11,0,1,12,0,0,0,7.07,95,-0.14
439533,Tarik Muharemovic,Bosnia and Herzegovina,DC,2,2,193,0,0,0,1,8.1,0.13,1,0,74,60,0,125,1,5,9,1,4,32,0,0,0,7.05,81,-0.13
431069,Mohanad Lasheen,Egypt,DMC,2,2,195,0,0,1,0,7.3,0.0,0,0,75,67,1,108,20,4,0,1,3,2,0,0,0,7.05,89,0.0
402810,Emmanuel Agbadou,Ivory Coast,DC,2,2,191,0,0,0,0,7.6,0.0,0,0,116,106,0,146,6,4,5,0,0,15,1,0,0,7.05,91,0.0
446053,Joel Ordonez,Ecuador,DC,2,2,195,0,0,0,0,7.1,0.25,2,0,102,90,0,132,8,1,3,1,1,14,1,0,0,7.05,88,-0.25
363496,Marc Cucurella,Spain,DL,2,2,193,0,0,0,0,7.1,0.76,3,2,123,115,2,160,3,1,2,2,3,2,0,0,0,7.05,93,-0.76
418587,Nicolas Seiwald,Austria,DMC,2,2,199,0,0,0,0,7.2,0.0,0,0,114,105,1,140,7,4,2,0,1,4,0,0,0,7.05,92,0.0
101949,Marquinhos,Brazil,DC,3,3,291,0,0,0,0,7.5,0.29,2,0,252,240,0,276,2,0,6,0,0,12,0,0,0,7.03,95,-0.29
396971,Lewis Ferguson,Scotland,MC,3,3,289,0,0,0,0,7.1,0.04,2,1,201,187,1,257,14,4,4,0,5,4,1,0,0,7.03,93,-0.04
351744,Stephen Eustaquio,Canada,MC,3,2,226,0,0,0,0,7.6,0.05,2,0,166,151,4,218,4,1,0,1,2,2,0,0,0,7.0,91,-0.05
486734,Neil El Aynaoui,Morocco,DMC,3,3,277,0,0,0,0,7.3,0.31,5,1,192,173,2,237,13,5,1,1,6,2,3,0,0,7.0,90,-0.31
344380,Harry Souttar,Australia,DC,2,2,188,0,0,1,0,8.0,0.05,1,1,54,35,1,82,2,0,6,1,4,16,0,0,0,7.0,65,-0.05
402367,Aaron Hickey,Scotland,DR,1,1,74,0,0,1,0,7.0,0.0,0,0,35,31,2,54,0,1,1,0,2,3,0,0,0,7.0,89,0.0
73798,Thibaut Courtois,Belgium,GK,2,2,190,0,0,0,0,7.3,0.0,0,0,33,20,0,55,0,0,0,0,0,3,0,5,0,7.0,61,0.0
431065,Ahmed Fatouh,Egypt,DL,2,2,187,0,0,1,0,7.5,0.06,1,1,104,90,2,151,7,3,1,1,2,4,3,0,0,7.0,87,-0.06
439446,Yahia Fofana,Ivory Coast,GK,2,2,191,0,0,0,0,7.1,0.0,0,0,60,34,0,79,0,0,2,0,0,1,0,6,0,7.0,57,0.0
547352,Christ Inao Oulai,Ivory Coast,Sub,2,1,115,0,0,0,0,7.6,0.12,2,0,57,53,1,90,5,3,1,5,2,3,3,0,0,7.0,93,-0.12
353423,Aurelien Tchouameni,France,DMC,1,1,99,0,0,0,0,7.0,0.0,0,0,69,62,0,78,4,2,3,0,0,0,0,0,0,7.0,90,0.0
335692,Krepin Diatta,Senegal,DR,2,2,199,0,0,0,0,7.0,0.0,0,0,112,99,2,150,6,2,3,4,0,3,0,0,0,7.0,88,0.0
312911,Saeid Ezatolahi,Iran,MC,2,2,179,0,0,1,0,7.1,0.14,4,2,69,56,0,102,6,7,4,1,4,4,1,0,0,7.0,81,-0.14
298446,Philipp Lienhart,Austria,DC,1,1,102,0,0,0,0,7.0,0.0,0,0,86,79,0,98,1,1,2,0,0,6,0,0,0,7.0,92,0.0
461465,Lionel Mpasi,DR Congo,GK,2,2,190,0,0,0,0,7.9,0.0,0,0,53,27,0,79,0,0,0,0,0,4,0,8,0,7.0,51,0.0
377714,Lawrence Ati Zigi,Ghana,GK,1,1,45,0,0,0,0,7.0,0.0,0,0,10,7,0,19,0,0,0,0,0,2,0,1,0,7.0,70,0.0
397267,Andres Andrade,Panama,DC,2,2,196,0,0,0,0,7.1,0.0,0,0,140,115,0,184,6,1,10,1,3,14,2,0,0,7.0,82,0.0
135098,Johan Mojica,Colombia,DL,2,2,196,0,0,1,0,7.5,0.02,2,1,100,85,1,139,2,2,4,0,1,7,1,0,0,7.0,85,-0.02
133464,Jefferson Lerma,Colombia,MC,2,2,196,0,0,1,0,7.0,0.25,3,0,108,93,2,133,2,1,9,0,3,7,0,0,0,7.0,86,-0.25
424039,Jhon Arias,Colombia,MC,2,2,168,0,0,0,0,7.2,0.38,4,1,91,87,3,121,6,2,1,1,1,0,1,0,0,7.0,96,-0.38
395242,Alex Baena,Spain,FWL,1,1,61,0,0,0,0,7.0,0.08,2,0,41,35,2,57,0,1,0,0,1,1,1,0,0,7.0,85,-0.08
369570,Manu Kone,France,DMC,1,1,92,0,0,0,0,7.0,0.02,1,0,73,67,0,85,3,0,0,1,2,0,2,0,0,7.0,92,-0.02
447638,Erik Lira,Mexico,DMC,2,2,171,0,0,0,0,7.4,0.0,0,0,94,83,1,109,6,1,1,1,2,1,2,0,0,6.95,88,0.0
85006,Tim Ream,USA,DC,2,2,190,0,0,0,0,7.0,0.0,0,0,166,152,0,185,1,2,2,1,0,7,0,0,0,6.95,92,0.0
261143,Juninho Bacuna,Curacao,MC,2,2,169,0,0,1,0,7.1,0.14,4,1,48,42,3,104,6,5,1,5,3,1,4,0,0,6.95,88,-0.14
394749,Omar Marmoush,Egypt,FW,2,2,170,0,0,0,0,7.0,0.54,8,1,35,30,2,72,2,1,2,6,2,0,2,0,0,6.95,86,-0.54
301019,Jules Kounde,France,DR,2,2,181,0,0,0,0,7.0,0.0,0,0,100,87,2,137,5,0,2,0,1,6,0,0,0,6.95,87,0.0
361822,William Saliba,France,DC,2,2,191,0,0,0,0,7.4,0.07,1,0,136,130,0,154,2,3,4,0,0,7,0,0,0,6.95,96,-0.07
125547,Rodrigo De Paul,Argentina,MR,2,2,177,0,0,0,0,7.4,0.0,0,0,100,91,1,127,7,2,1,1,0,2,2,0,0,6.95,91,0.0
39722,David Alaba,Austria,DC,2,2,124,0,0,0,0,7.2,0.01,1,0,110,99,0,126,1,3,3,1,0,6,0,0,0,6.95,90,-0.01
389935,Noni Madueke,England,AMR,2,2,153,0,0,0,0,7.4,0.2,3,0,45,38,4,77,2,1,0,1,0,0,1,0,0,6.95,84,-0.2
563880,Mbekezeli Mbokazi,South Africa,DC,3,3,290,0,0,0,0,7.5,0.04,4,1,120,103,2,181,6,3,6,0,1,26,3,0,0,6.93,86,-0.04
313012,Richie Laryea,Canada,DL,3,3,275,0,0,0,0,7.4,0.46,2,1,129,106,5,187,6,1,1,3,2,1,1,0,0,6.93,82,-0.46
302691,Remo Freuler,Switzerland,MC,3,3,281,0,0,0,0,7.1,0.01,1,0,173,154,2,207,8,2,4,1,4,4,2,0,0,6.93,89,-0.01
527319,Raul Rangel,Mexico,GK,3,3,270,0,0,0,0,7.2,0.0,0,0,85,63,0,101,0,0,1,0,0,1,0,5,0,6.9,74,0.0
425115,Johan Vasquez,Mexico,DC,2,2,193,0,0,0,0,7.0,0.0,0,0,135,122,0,150,1,1,4,0,0,5,0,0,0,6.9,90,0.0
322696,Edson Alvarez,Mexico,Sub,3,2,214,0,0,1,0,7.4,0.0,0,0,129,115,0,155,6,3,2,1,4,8,1,0,0,6.9,89,0.0
252419,Denis Zakaria,Switzerland,DR,1,1,97,0,0,1,0,6.9,0.26,2,1,56,54,0,85,3,2,2,1,1,0,1,0,0,6.9,96,-0.26
362555,Merih Demiral,Turkiye,DC,2,2,194,0,0,0,0,7.0,0.57,6,2,126,118,1,165,4,1,11,0,2,16,0,0,0,6.9,94,-0.57
365402,Jan Paul van Hecke,Netherlands,DC,2,2,191,0,0,0,0,6.9,0.11,1,1,173,158,0,193,3,1,5,0,1,11,0,0,0,6.9,91,-0.11
73084,Kevin De Bruyne,Belgium,AMC,2,2,171,0,0,0,0,7.0,0.55,9,2,88,71,5,132,2,0,3,3,0,0,2,0,0,6.9,81,-0.55
432378,Willian Pacho,Ecuador,DC,3,3,290,0,0,0,0,7.4,0.09,1,1,195,177,0,242,5,7,6,0,2,17,3,0,0,6.9,91,-0.09
505284,Sidny Cabral,Cape Verde,DL,2,2,173,0,0,2,0,7.0,0.02,2,0,34,28,1,99,7,3,2,2,2,12,2,0,0,6.9,82,-0.02
320436,Julian Ryerson,Norway,DR,2,2,109,0,0,0,0,7.2,0.0,0,0,56,46,4,98,9,0,0,1,2,3,1,0,0,6.9,82,0.0
146400,Mohammed Al Owais,Saudi Arabia,GK,2,2,196,0,0,0,0,7.5,0.0,0,0,61,29,0,85,0,0,2,0,0,4,0,14,0,6.9,48,0.0
316883,Gonzalo Montiel,Argentina,DR,1,1,45,0,0,0,0,6.9,0.0,0,0,21,19,0,27,2,1,0,0,1,2,0,0,0,6.9,90,0.0
303728,Nahuel Molina,Argentina,Sub,2,1,148,0,0,0,0,7.1,0.0,0,0,61,48,1,90,3,3,0,2,1,4,1,0,0,6.9,79,0.0
455372,Jiovany Ramos,Panama,DC,2,2,177,0,0,0,0,7.3,0.07,2,0,123,111,0,147,9,3,3,3,2,4,0,0,0,6.9,90,-0.07
379706,Jurien Gaari,Curacao,DC,1,1,95,0,0,1,0,6.9,0.0,0,0,18,9,1,32,3,2,0,0,2,4,0,0,0,6.9,50,0.0
89925,Lucas Digne,France,DL,1,1,92,0,0,0,0,6.9,0.0,0,0,60,52,1,80,0,0,1,0,1,2,0,0,0,6.9,87,0.0
346110,Ayoub El Kaabi,Morocco,FW,1,1,69,0,0,0,0,6.9,0.24,3,2,10,7,0,24,3,0,0,1,1,0,2,0,0,6.9,70,-0.24
418212,Ivan Basic,Bosnia and Herzegovina,MC,3,2,192,0,0,0,0,7.5,0.07,4,0,103,95,6,134,1,3,1,2,2,2,0,0,0,6.87,92,-0.07
110373,Hakan Calhanoglu,Turkiye,DMC,2,2,194,0,0,0,0,7.0,0.72,11,2,191,169,7,228,8,1,2,0,2,4,1,0,0,6.85,88,-0.72
415181,Arda Guler,Turkiye,AMR,2,2,194,0,0,0,0,6.9,0.35,11,3,143,126,5,204,6,2,1,1,0,1,3,0,0,6.85,88,-0.35
494525,Kenan Yildiz,Turkiye,Sub,2,1,149,0,0,0,0,7.1,0.65,12,1,91,83,5,143,3,1,1,5,1,2,4,0,0,6.85,91,-0.65
400138,Bart Verbruggen,Netherlands,GK,2,2,191,0,0,0,0,8.1,0.0,0,0,64,44,0,77,0,0,0,0,0,1,0,8,0,6.85,69,0.0
332823,Unai Simon,Spain,GK,2,2,193,0,0,0,0,7.1,0.0,0,0,45,44,0,63,0,0,0,0,0,1,0,2,0,6.85,98,0.0
364336,Torbjrn Heggem,Norway,DC,2,2,180,0,0,0,0,6.9,0.0,0,0,126,118,0,145,3,0,4,1,1,10,0,0,0,6.85,94,0.0
321020,Sander Berge,Norway,MC,2,2,197,0,0,0,0,6.9,0.0,0,0,127,118,0,154,2,5,1,1,2,4,3,0,0,6.85,93,0.0
361330,Reece James,England,DR,2,2,192,0,0,0,0,7.2,0.01,1,0,108,97,2,144,2,2,3,0,1,3,0,0,0,6.85,90,-0.01
373842,Diogo Costa,Portugal,GK,2,2,189,0,0,0,0,7.5,0.0,0,0,44,35,0,62,0,0,1,0,0,3,0,3,0,6.85,80,0.0
447634,Israel Reyes,Mexico,DR,3,2,210,0,0,0,0,7.3,0.15,2,0,93,82,2,121,1,3,5,0,1,7,0,0,0,6.83,88,-0.15
457250,Khuliso Mudau,South Africa,DR,3,3,290,0,0,0,0,7.4,0.0,0,0,123,115,1,180,8,7,0,1,4,11,0,0,0,6.83,93,0.0
447593,Lee Gi-Hyuk,South Korea,DC,3,3,288,0,0,1,0,7.2,0.0,0,0,254,223,0,295,6,5,11,1,2,15,2,0,0,6.83,88,0.0
115097,Douglas Santos,Brazil,DL,3,3,276,0,0,1,0,7.0,0.12,2,0,138,125,1,185,11,3,0,0,3,1,0,0,0,6.83,91,-0.12
334972,Alan Franco,Ecuador,DR,3,3,206,0,0,1,0,7.1,0.0,0,0,115,110,1,169,9,4,2,0,6,10,1,0,0,6.83,96,0.0
452622,Aubrey Modiba,South Africa,DL,3,3,269,0,0,1,0,7.2,0.14,5,1,84,69,3,144,11,1,0,0,4,5,0,0,0,6.8,82,-0.14
560835,Lee Tae-Seok,South Korea,DML,2,2,113,0,0,0,0,6.8,0.0,0,0,35,30,3,72,4,0,4,1,3,7,1,0,0,6.8,86,0.0
243534,Nico Elvedi,Switzerland,DC,3,3,290,0,0,1,0,7.0,0.29,2,0,230,215,2,267,1,2,6,0,3,23,0,0,0,6.8,93,-0.29
297390,Manuel Akanji,Switzerland,DC,3,3,290,0,0,0,0,7.3,0.22,1,1,255,237,3,289,7,2,4,1,0,12,2,0,0,6.8,93,-0.22
141169,Timothy Castagne,Belgium,DL,2,1,93,0,0,1,0,6.9,0.0,0,0,52,46,4,86,4,1,2,0,1,2,0,0,0,6.8,88,0.0
392647,Maxim De Cuyper,Belgium,Sub,2,1,135,0,0,1,0,7.1,1.06,5,4,66,55,0,98,1,1,1,2,2,2,0,0,0,6.8,83,-1.06
320575,Saman Ghoddos,Iran,MC,2,2,142,0,0,0,0,6.8,0.09,2,0,46,32,1,76,7,4,2,0,1,7,1,0,0,6.8,70,-0.09
355401,Rayan Ait-Nouri,Algeria,DL,2,2,180,0,0,0,0,7.2,0.05,1,0,104,91,0,173,10,2,0,4,3,1,4,0,0,6.8,88,-0.05
434077,Renato Veiga,Portugal,DC,2,2,189,0,0,1,0,7.1,0.0,0,0,159,150,0,179,3,1,3,0,2,7,0,0,0,6.8,94,0.0
331924,Aaron Wan-Bissaka,DR Congo,DR,2,2,180,0,0,0,0,7.0,0.0,0,0,41,32,0,91,7,4,1,1,1,8,2,0,0,6.8,78,0.0
71182,James Rodriguez,Colombia,FWR,2,2,128,0,0,0,0,7.1,0.13,3,2,99,84,5,122,1,1,0,0,0,0,0,0,0,6.8,85,-0.13
561201,Husam Abu Dahab,Jordan,DC,1,1,90,0,0,1,0,6.8,0.0,0,0,21,14,1,43,5,0,3,0,1,6,0,0,0,6.8,67,0.0
425471,Redouane Halhal,Morocco,DC,1,1,98,0,0,0,0,6.8,0.0,0,0,53,50,0,67,1,0,4,0,1,6,0,0,0,6.8,94,0.0
252248,Jesus Gallardo,Mexico,DL,3,2,212,0,0,0,0,7.1,0.19,3,0,91,68,0,150,3,4,5,1,2,8,1,0,0,6.77,75,-0.19
103383,Gustavo Gomez,Paraguay,DC,2,2,196,0,0,0,0,7.5,0.07,1,0,36,28,0,68,0,1,8,0,2,19,0,0,0,6.75,78,-0.07
344639,Omar Alderete,Paraguay,DC,2,2,196,0,0,0,0,7.2,0.01,1,0,39,22,1,67,1,3,6,0,2,18,0,0,0,6.75,56,-0.01
409291,Ismail Yuksek,Turkiye,DMC,2,2,139,0,0,0,0,6.8,0.29,5,0,109,101,0,150,10,2,2,3,2,7,2,0,0,6.75,93,-0.29
351354,Donyell Malen,Netherlands,FW,2,2,114,0,0,0,0,7.0,0.18,2,2,16,10,1,33,0,0,2,2,0,0,1,0,0,6.75,62,-0.18
447570,Zion Suzuki,Japan,GK,2,2,191,0,0,0,0,6.8,0.0,0,0,39,27,0,54,0,0,0,0,0,1,0,4,0,6.75,69,0.0
358801,Mehdi Taremi,Iran,FW,2,2,174,0,0,0,0,7.2,0.26,3,1,59,45,3,84,2,1,9,1,2,2,4,0,0,6.75,76,-0.26
384887,Vitinha,Portugal,DMC,2,2,164,0,0,0,0,7.1,0.02,1,0,226,216,1,234,2,0,0,1,3,0,1,0,0,6.75,96,-0.02
492688,Luc De Fougerolles,Canada,DC,3,3,262,0,0,1,0,7.0,0.1,1,1,147,124,2,189,5,1,7,0,5,13,2,0,0,6.73,84,-0.1
371027,Tajon Buchanan,Canada,MR,3,3,216,0,0,0,0,8.2,0.77,4,1,52,46,3,119,6,1,0,4,1,0,3,0,0,6.73,88,-0.77
88300,Danilo,Brazil,Sub,3,2,246,0,0,1,0,7.2,0.0,0,0,160,142,1,201,3,4,3,1,5,7,0,0,0,6.73,89,0.0
454342,Chadi Riad,Morocco,DC,3,3,293,0,0,0,0,6.9,0.06,1,0,177,164,1,205,2,3,5,2,0,9,0,0,0,6.73,93,-0.06
349932,Noussair Mazraoui,Morocco,DL,3,2,190,0,0,0,0,7.1,0.0,0,0,91,82,0,134,8,1,1,3,3,8,0,0,0,6.73,90,0.0
504648,Ime Okon,South Africa,DC,3,3,290,0,0,0,0,7.0,0.0,0,0,185,173,2,212,3,3,5,1,0,13,0,0,0,6.7,94,0.0
504830,Ayyoub Bouaddi,Morocco,DMC,2,2,195,0,0,0,0,6.9,0.01,1,0,130,119,0,158,6,1,0,3,2,2,2,0,0,6.7,92,-0.01
303656,Andres Cubas,Paraguay,MC,2,2,196,0,0,0,0,7.2,0.0,0,0,48,38,0,88,8,3,1,0,10,7,2,0,0,6.7,79,0.0
323097,Aiden O'Neill,Australia,MC,2,2,188,0,0,0,0,7.2,0.0,0,0,68,53,1,101,3,2,0,2,1,7,0,0,0,6.7,78,0.0
86593,Grant Hanley,Scotland,DC,2,2,193,0,0,0,0,7.1,0.0,0,0,104,96,0,122,1,1,3,0,1,8,0,0,0,6.7,92,0.0
422717,Hiroki Ito,Japan,DC,2,2,191,0,0,0,0,7.4,0.01,1,0,116,106,1,150,4,0,3,0,4,10,0,0,0,6.7,91,-0.01
377283,Takehiro Tomiyasu,Japan,Sub,2,1,100,0,0,0,0,7.1,0.65,1,0,92,83,0,110,2,1,3,0,4,5,0,0,0,6.7,90,-0.65
431063,Hamdi Fathy,Egypt,DC,2,2,128,0,0,0,0,7.0,0.0,0,0,66,60,2,88,6,3,3,0,2,6,0,0,0,6.7,91,0.0
328075,Ibrahim Sangare,Ivory Coast,Sub,2,1,96,0,0,0,0,7.1,0.0,0,0,47,43,0,65,7,2,1,0,0,2,0,0,0,6.7,91,0.0
422937,Gavi,Spain,FWL,1,1,70,0,0,0,0,6.7,0.06,1,0,30,26,0,42,4,1,4,0,2,0,1,0,0,6.7,87,-0.06
129648,Steven Moreira,Cape Verde,DR,2,2,193,0,0,0,0,6.7,0.03,1,0,51,37,0,90,4,2,1,1,0,6,1,0,0,6.7,73,-0.03
296684,Jamiro Monteiro,Cape Verde,MC,2,2,157,0,0,0,0,6.8,0.02,2,0,44,37,1,69,3,4,0,0,0,2,1,0,0,6.7,84,-0.02
361964,Jovane Cabral,Cape Verde,ML,1,1,60,0,0,0,0,6.7,0.01,1,0,13,10,0,20,3,1,0,1,0,1,0,0,0,6.7,77,-0.01
403866,Shahriyar Moghanloo,Iran,FW,2,1,69,0,0,0,0,7.2,0.24,3,0,21,10,0,40,3,0,8,0,1,2,1,0,0,6.7,48,-0.24
444359,Merchas Doski,Iraq,DL,2,2,189,0,0,0,0,6.8,0.0,0,0,88,78,2,147,14,4,0,1,1,5,1,0,0,6.7,89,0.0
145385,Guillermo Varela,Uruguay,DR,2,2,196,0,0,0,0,7.0,0.04,2,0,96,78,2,148,3,5,7,0,1,2,0,0,0,6.7,81,-0.04
347178,Mathias Olivera,Uruguay,DC,2,2,196,0,0,1,0,7.7,0.07,1,0,183,173,5,212,3,1,9,1,1,6,0,0,0,6.7,95,-0.07
102248,Emiliano Martinez,Argentina,GK,2,2,193,0,0,0,0,6.9,0.0,0,0,65,49,0,71,0,0,0,0,0,1,0,1,0,6.7,75,0.0
92051,Marcel Sabitzer,Austria,AML,2,2,199,0,0,1,0,7.0,0.14,4,1,76,60,2,119,4,4,0,1,0,1,0,0,0,6.7,79,-0.14
457085,Noor Al Rawabdeh,Jordan,MC,2,2,199,0,0,0,0,6.8,0.02,1,0,70,56,2,99,9,1,0,2,1,2,0,0,0,6.7,80,-0.02
468847,Nico O'Reilly,England,DL,2,1,127,0,0,0,0,6.8,0.86,4,1,56,47,2,83,3,0,5,3,1,1,1,0,0,6.7,84,-0.86
374631,Marc Guehi,England,Sub,2,1,106,0,0,0,0,7.4,0.08,1,0,136,133,0,150,0,0,5,0,2,4,0,0,0,6.7,98,-0.08
143611,Yoel Barcenas,Panama,MC,2,2,190,0,0,1,0,6.8,0.07,2,0,100,92,2,126,2,1,6,3,2,3,2,0,0,6.7,92,-0.07
317630,Djibril Sow,Switzerland,Sub,2,1,100,0,0,0,0,6.7,0.0,0,0,31,27,0,38,1,1,0,0,1,1,0,0,0,6.7,87,0.0
425313,Stjepan Radeljic,Bosnia and Herzegovina,DC,1,1,96,0,0,0,0,6.7,0.09,1,0,88,81,0,95,0,0,0,0,0,4,0,0,0,6.7,92,-0.09
336048,Marin Pongracic,Croatia,DC,1,1,95,0,0,0,0,6.7,0.0,0,0,76,65,0,91,1,0,1,0,1,11,1,0,0,6.7,86,0.0
248144,Sofyan Amrabat,Morocco,DMC,1,1,98,0,0,0,0,6.7,0.0,0,0,69,64,0,83,3,2,0,0,1,1,1,0,0,6.7,93,0.0
457593,Evidence Makgopa,South Africa,Sub,3,1,150,0,0,0,0,7.0,0.8,4,3,19,14,0,46,6,1,12,1,1,3,0,0,0,6.67,74,-0.8
404832,Piero Hincapie,Ecuador,DL,3,3,263,0,0,1,0,7.4,0.67,3,0,117,96,2,187,15,3,6,1,3,7,1,0,0,6.67,82,-0.67
447631,Cesar Montes,Mexico,DC,2,2,193,0,0,0,1,7.4,0.0,0,0,109,101,0,133,1,1,3,0,3,15,0,0,0,6.65,93,0.0
422851,Ismael Kone,Canada,MC,2,2,152,0,0,0,0,7.2,0.13,2,0,109,95,1,140,5,3,2,1,1,0,5,0,0,6.65,87,-0.13
445546,Jacob Italiano,Australia,DR,2,2,165,0,0,1,0,7.1,0.02,1,0,42,32,1,92,7,1,1,2,0,12,1,0,0,6.65,76,-0.02
321958,Ferdi Kadioglu,Turkiye,DL,2,2,165,0,0,0,0,6.7,0.02,1,0,156,138,9,203,6,1,2,0,0,5,1,0,0,6.65,88,-0.02
345333,Armando Obispo,Curacao,DC,2,2,190,0,0,0,0,7.3,0.0,0,0,57,50,0,82,4,4,5,1,0,10,0,0,0,6.65,88,0.0
365244,Tahith Chong,Curacao,AMC,2,2,157,0,0,0,0,6.9,0.03,1,0,39,31,2,75,1,0,0,9,2,0,3,0,0,6.65,79,-0.03
104376,Thomas Meunier,Belgium,DR,2,2,152,0,0,0,0,6.8,0.09,1,1,83,66,1,117,4,1,3,1,6,5,1,0,0,6.65,80,-0.09
139468,Ramy Rabia,Egypt,Sub,2,0,85,0,0,0,0,6.9,0.0,0,0,53,47,0,65,3,3,3,0,2,4,0,0,0,6.65,89,0.0
331567,Ghislain Konan,Ivory Coast,DL,2,2,191,0,0,0,0,6.7,0.15,2,0,82,67,1,125,3,0,1,2,0,9,1,0,0,6.65,82,-0.15
74790,Ryan Mendes,Cape Verde,MR,2,2,193,0,0,0,0,6.9,0.08,3,0,34,25,1,59,4,2,3,2,0,6,2,0,0,6.65,74,-0.08
296319,Moussa Niakhate,Senegal,DC,2,2,199,0,0,0,0,7.4,0.0,0,0,151,136,0,181,2,2,3,1,0,8,0,0,0,6.65,90,0.0
484254,Federico Vinas,Uruguay,AMC,2,2,158,0,0,0,0,6.7,0.61,5,3,26,15,0,44,2,0,8,1,0,0,0,0,0,6.65,58,-0.61
361732,Thiago Almada,Argentina,ML,2,2,117,0,0,0,0,6.7,0.01,1,0,73,63,1,89,6,0,1,0,0,0,1,0,0,6.65,86,-0.01
90115,Aissa Mandi,Algeria,DC,2,2,193,0,0,0,0,6.7,0.0,0,0,196,180,2,222,3,2,3,0,0,6,0,0,0,6.65,92,0.0
457089,Abdallah Nasib,Jordan,DC,2,2,177,0,0,0,0,6.8,0.0,0,0,45,35,0,96,3,5,3,0,1,12,0,0,0,6.65,78,0.0
402666,Josip Sutalo,Croatia,DC,2,2,191,0,0,0,0,7.0,0.2,1,0,149,132,0,170,2,3,6,1,2,8,0,0,0,6.65,89,-0.2
424307,Lukas Cerv,Czechia,MC,2,2,163,0,0,0,0,6.9,0.13,3,2,46,37,0,65,4,0,0,1,3,5,0,0,0,6.65,80,-0.13
616229,Bekhruz Karimov,Uzbekistan,DMR,2,2,191,0,0,0,0,7.0,0.04,2,0,46,35,2,94,11,3,0,6,8,4,3,0,0,6.65,76,-0.04
370912,Kim Min-Jae,South Korea,DC,3,3,256,0,0,0,0,7.0,0.07,1,1,235,225,3,254,4,2,7,0,2,6,0,0,0,6.63,96,-0.07
392361,Azzedine Ounahi,Morocco,AMC,3,2,182,0,0,0,0,7.0,0.03,1,0,116,106,4,141,1,1,0,4,0,0,1,0,0,6.63,91,-0.03
398414,Dan Ndoye,Switzerland,FWR,3,2,152,0,0,0,0,6.9,1.13,10,4,38,30,1,94,2,0,2,5,1,2,4,0,0,6.63,79,-1.13
318896,Angus Gunn,Scotland,GK,3,3,289,0,0,0,0,6.7,0.0,0,0,100,70,0,133,2,0,0,0,0,1,0,8,0,6.63,70,0.0
99002,Ronwen Williams,South Africa,GK,3,3,290,0,0,0,0,7.1,0.0,0,0,142,93,0,166,0,1,1,0,0,5,0,6,0,6.6,65,0.0
446133,Diego Gomez,Paraguay,MR,2,2,145,0,0,1,0,7.2,0.27,5,0,47,33,0,84,10,3,6,3,2,5,3,0,0,6.6,70,-0.27
145264,Ricardo Ade,Haiti,DC,3,3,291,0,0,0,0,6.8,0.16,4,1,139,122,0,181,6,5,6,0,6,17,0,0,0,6.6,88,-0.16
425229,Micky van de Ven,Netherlands,DL,2,2,191,0,0,1,0,6.8,0.04,1,0,86,82,1,123,4,0,4,1,3,6,1,0,0,6.6,95,-0.04
399999,Nicolas Raskin,Belgium,Sub,2,1,97,0,0,0,0,6.6,0.0,0,0,89,74,1,100,4,0,2,1,1,0,1,0,0,6.6,83,0.0
303115,Theo Hernandez,France,DL,1,1,99,0,0,0,0,6.6,0.09,1,0,48,45,0,59,4,1,2,0,0,2,1,0,0,6.6,94,-0.09
560831,Ali Nemati,Iran,DC,2,2,190,0,0,0,0,6.9,0.15,1,0,84,72,2,115,1,0,4,0,1,20,2,0,0,6.6,86,-0.15
443658,Marko Stamenic,New Zealand,DMC,2,2,191,0,0,0,0,6.6,0.16,3,0,112,97,3,143,5,4,2,0,2,5,0,0,0,6.6,87,-0.16
395377,Joe Bell,New Zealand,DMC,2,2,195,0,0,0,0,6.9,0.01,1,0,109,90,1,127,5,3,2,2,3,2,1,0,0,6.6,83,-0.01
455331,Callum McCowatt,New Zealand,AMR,2,2,132,0,0,1,0,7.0,0.57,4,3,63,50,0,84,3,2,4,2,2,1,2,0,0,6.6,79,-0.57
302497,Alexander Srloth,Norway,FW,2,2,155,0,0,0,0,6.8,0.2,2,0,47,35,1,70,4,0,8,0,4,0,3,0,0,6.6,74,-0.2
344644,Federico Valverde,Uruguay,AMR,2,2,196,0,0,0,0,6.7,0.31,10,2,105,87,0,145,3,2,0,4,1,0,3,0,0,6.6,83,-0.31
299344,Lautaro Martinez,Argentina,FW,2,2,118,0,0,0,0,6.8,0.09,1,1,22,20,0,44,4,0,0,0,4,3,0,0,0,6.6,91,-0.09
477985,Ibrahim Maza,Algeria,MC,2,2,177,0,0,0,0,7.3,0.91,5,2,82,68,2,126,3,0,2,7,0,0,7,0,0,6.6,83,-0.91
444725,Fares Chaibi,Algeria,FWL,2,2,193,0,0,0,0,7.0,0.19,5,1,107,88,2,138,6,2,3,1,1,1,2,0,0,6.6,82,-0.19
330816,Kevin Danso,Austria,Sub,2,1,141,0,0,0,0,6.7,0.0,0,0,107,94,1,125,3,0,4,2,1,7,1,0,0,6.6,88,0.0
383816,Mousa Al Tamari,Jordan,FW,2,2,170,0,0,0,0,6.7,0.33,6,2,22,18,2,55,4,0,1,4,2,0,5,0,0,6.6,82,-0.33
110189,Jordan Pickford,England,GK,2,2,192,0,0,0,0,6.9,0.0,0,0,78,64,0,98,0,0,1,0,0,3,0,3,0,6.6,82,0.0
423157,Marco Pasalic,Croatia,Sub,2,1,102,0,0,0,0,7.1,1.05,3,2,29,19,1,63,5,1,0,3,0,3,3,0,0,6.6,66,-1.05
67491,Jordan Ayew,Ghana,FW,2,2,152,0,0,0,0,6.8,0.0,0,0,30,16,1,64,3,0,10,2,6,1,4,0,0,6.6,53,0.0
363653,Jhon Lucumi,Colombia,DC,2,2,196,0,0,1,0,7.0,0.07,1,0,127,118,0,139,0,1,2,0,3,8,0,0,0,6.6,93,-0.07
467776,Can Uzun,Turkiye,Sub,1,0,39,0,0,0,0,6.6,0.44,3,1,17,15,4,28,0,0,0,1,0,0,0,0,0,6.6,88,-0.44
365308,Alexis Saelemaekers,Belgium,AMR,1,1,57,0,0,0,0,6.6,0.2,2,0,22,16,0,34,1,0,0,2,0,0,1,0,0,6.6,73,-0.2
349699,Ismail Jakobs,Senegal,Sub,1,0,47,0,0,0,0,6.6,0.0,0,0,11,10,1,25,2,0,0,0,0,1,0,0,0,6.6,91,0.0
470924,Guillermo Martinez,Mexico,FW,1,1,62,0,0,0,0,6.6,0.0,0,0,16,13,0,25,0,0,2,0,3,3,1,0,0,6.6,81,0.0
531031,Lee Han-Beom,South Korea,DC,3,3,288,0,0,0,0,6.8,0.42,2,0,206,182,0,252,3,2,11,0,7,12,0,0,0,6.57,88,-0.42
417725,Hernan Galindez,Ecuador,GK,3,3,290,0,0,0,0,7.1,0.0,0,0,70,47,0,92,0,0,0,0,0,0,0,8,0,6.57,67,0.0
396565,Brian Gutierrez,Mexico,MC,2,2,135,0,0,1,0,6.8,0.21,5,0,40,35,4,58,1,1,1,0,3,0,0,0,0,6.55,88,-0.21
418203,Amar Dedic,Bosnia and Herzegovina,DR,2,2,193,0,0,1,0,6.8,0.01,1,1,48,36,0,107,8,1,3,3,4,10,2,0,0,6.55,75,-0.01
300447,Raphinha,Brazil,AMC,2,2,139,0,0,0,0,6.7,0.18,3,2,44,30,3,75,3,0,1,1,1,0,1,0,0,6.55,68,-0.18
363661,Mert Muldur,Turkiye,Sub,2,1,114,0,0,0,0,7.0,0.21,3,0,62,51,3,101,3,1,3,1,1,2,0,0,0,6.55,82,-0.21
409221,Francisco Conceicao,Portugal,Sub,2,0,99,0,0,0,0,7.0,0.1,1,0,56,51,3,77,3,0,0,2,1,0,2,0,0,6.55,91,-0.1
351339,Ermedin Demirovic,Bosnia and Herzegovina,FW,3,3,277,0,0,1,0,6.9,0.04,2,2,41,28,0,77,4,0,9,1,8,6,4,0,0,6.53,68,-0.04
137263,Maxime Crepeau,Canada,GK,3,3,289,0,0,0,0,6.7,0.0,0,0,58,44,0,75,1,0,1,0,0,4,0,4,0,6.5,76,0.0
437419,Ali Ahmed,Canada,Sub,3,2,163,0,0,0,0,7.3,0.11,2,1,55,41,2,98,5,2,1,1,0,0,2,0,0,6.5,75,-0.11
404391,Armin Gigovic,Bosnia and Herzegovina,Sub,1,0,35,0,0,0,0,6.5,0.0,0,0,16,12,0,26,2,1,1,1,0,1,1,0,0,6.5,75,0.0
458184,Eom Ji-Sung,South Korea,Sub,2,0,54,0,0,0,0,6.6,0.0,0,0,9,7,1,21,2,0,2,0,0,1,0,0,0,6.5,78,0.0
450558,Tete Yengi,Australia,Sub,1,0,23,0,0,0,0,6.5,0.0,0,0,4,2,0,13,3,0,4,0,3,0,1,0,0,6.5,50,0.0
481079,Aleksandar Pavlovic,Germany,DMC,3,3,199,0,0,1,0,7.5,0.19,3,1,180,166,2,210,7,0,0,2,8,2,2,0,0,6.5,92,-0.19
296768,Waldemar Anton,Germany,Sub,1,0,13,0,0,0,0,6.5,0.0,0,0,7,6,0,12,2,1,0,0,0,0,0,0,0,6.5,86,0.0
367189,Hannes Delcroix,Haiti,DC,3,3,291,0,0,0,0,6.8,0.0,0,0,153,145,0,193,5,5,3,0,1,20,1,0,0,6.5,95,0.0
431360,Danley Jean Jacques,Haiti,MC,3,3,272,0,0,1,0,6.8,0.0,0,0,120,104,1,165,15,3,3,0,5,4,1,0,0,6.5,87,0.0
343382,Tijjani Reijnders,Netherlands,MC,2,2,127,0,0,0,0,6.8,0.08,1,0,34,28,2,62,0,2,1,0,0,0,2,0,0,6.5,82,-0.08
431258,Tsuyoshi Watanabe,Japan,DC,1,1,74,0,0,0,0,6.5,0.0,0,0,21,17,1,38,3,0,2,0,0,6,0,0,0,6.5,81,0.0
470693,Alexander Bernhardsson,Sweden,MR,2,2,144,0,0,0,0,7.0,0.0,0,0,43,30,1,82,8,2,2,1,0,5,3,0,0,6.5,70,0.0
450472,Yasser Ibrahim,Egypt,DC,2,2,195,0,0,0,0,6.8,0.0,0,0,101,94,0,122,3,2,2,0,0,11,0,0,0,6.5,93,0.0
447449,Guela Doue,Ivory Coast,DR,2,1,100,0,0,1,0,7.1,0.0,0,0,57,52,2,85,1,1,4,0,4,4,3,0,0,6.5,91,0.0
384516,Odilon Kossounou,Ivory Coast,Sub,2,1,103,0,0,0,0,6.8,0.0,0,0,51,49,0,65,1,3,2,1,0,6,0,0,0,6.5,96,0.0
431439,Joao Paulo,Cape Verde,Sub,1,0,20,0,0,0,0,6.5,0.0,0,0,3,0,0,15,1,2,0,0,0,2,0,0,0,6.5,0,0.0
509813,Arya Yousefi,Iran,ML,1,1,45,0,0,0,0,6.5,0.07,1,1,17,15,1,28,0,1,0,0,0,1,1,0,0,6.5,88,-0.07
512984,Akam Hashim,Iraq,DC,2,2,189,0,0,0,0,6.8,0.03,1,0,123,110,0,152,3,2,1,4,0,15,0,0,0,6.5,89,-0.03
303544,Fredrik Aursnes,Norway,MC,2,2,117,0,0,0,0,6.5,0.0,0,0,45,43,1,62,5,0,2,0,4,3,1,0,0,6.5,96,0.0
416030,Antonio Nusa,Norway,ML,2,2,142,0,0,0,0,6.6,0.14,2,0,30,22,1,56,3,1,1,2,0,1,2,0,0,6.5,73,-0.14
345389,Nicolas de la Cruz,Uruguay,Sub,2,0,56,0,0,0,0,6.9,0.12,3,1,36,31,4,49,1,0,0,0,0,0,0,0,0,6.5,86,-0.12
349669,Anthony Gordon,England,AML,2,2,135,0,0,0,0,6.8,0.61,3,2,33,29,2,58,1,0,0,2,1,0,2,0,0,6.5,88,-0.61
527865,Relebohile Mofokeng,South Africa,Sub,2,1,131,0,0,0,0,6.8,0.07,3,1,44,35,5,62,3,0,0,0,2,0,3,0,0,6.5,80,-0.07
402887,Luis Suarez,Colombia,FW,2,2,136,0,0,0,0,6.8,0.04,1,0,18,14,1,34,1,0,2,1,1,0,2,0,0,6.5,78,-0.04
528486,Al Hashmi Al Hussain,Qatar,Sub,1,0,39,0,0,0,0,6.5,0.0,0,0,0,0,0,12,3,1,1,0,2,5,0,0,0,6.5,,0.0
499979,Luca Jaquez,Switzerland,Sub,2,1,85,0,0,0,0,6.8,0.0,0,0,39,28,0,58,2,1,1,1,3,2,0,0,0,6.5,72,0.0
457801,Zineddine Belaid,Algeria,Sub,1,0,12,0,0,0,0,6.5,0.0,0,0,7,6,1,10,1,0,2,0,0,2,0,0,0,6.5,86,0.0
91989,Juan Fernando Quintero,Colombia,Sub,1,0,39,0,0,0,0,6.5,0.01,1,0,26,20,2,33,0,0,0,0,0,1,0,0,0,6.5,77,-0.01
551643,Thalente Mbatha,South Africa,Sub,3,2,235,0,0,1,0,7.0,0.04,3,1,76,64,0,106,9,4,1,0,2,3,0,0,0,6.47,84,-0.04
550680,Gilberto Mora,Mexico,Sub,2,1,103,0,0,0,0,6.5,0.02,1,0,38,35,2,52,0,1,0,1,1,0,2,0,0,6.45,92,-0.02
371610,Matt Freese,USA,GK,2,2,190,0,0,0,0,6.9,0.0,0,0,43,23,0,54,0,0,0,0,0,0,0,2,0,6.45,53,0.0
330538,David Raum,Germany,Sub,2,1,120,0,0,0,0,6.5,0.09,1,1,44,38,2,79,2,1,0,0,2,2,0,0,0,6.45,86,-0.09
322157,Sherel Floranus,Curacao,DR,2,2,190,0,0,0,0,7.3,0.04,1,0,52,46,0,85,7,3,0,0,1,7,0,0,0,6.45,88,-0.04
330549,Gabriel Gudmundsson,Sweden,ML,2,2,156,0,0,1,0,7.1,0.0,0,0,40,32,1,87,5,1,4,1,3,6,1,0,0,6.45,80,0.0
505295,Lucas Bergvall,Sweden,Sub,2,0,72,0,0,1,0,6.8,0.14,1,0,30,26,2,40,3,1,0,1,2,1,0,0,0,6.45,87,-0.14
294193,Fabian Ruiz,Spain,MC,2,1,99,0,0,0,0,6.7,0.43,5,1,102,97,1,117,2,1,1,0,0,0,1,0,0,6.45,95,-0.43
349760,Ferran Torres,Spain,FWR,2,1,133,0,0,0,0,6.7,1.37,6,2,38,29,0,67,1,0,2,2,3,0,4,0,0,6.45,76,-1.37
433183,Desire Doue,France,AML,2,1,111,0,0,0,0,6.9,0.11,2,1,48,41,1,68,5,0,1,1,0,2,0,0,0,6.45,85,-0.11
422963,Pathe Ciss,Senegal,Sub,2,0,50,0,0,0,0,6.8,0.0,0,0,36,31,0,41,1,0,1,0,1,0,0,0,0,6.45,86,0.0
358782,Mohamed Kanno,Saudi Arabia,MC,2,1,151,0,0,1,0,7.1,0.08,2,1,65,60,0,81,1,2,4,0,1,5,0,0,0,6.45,92,-0.08
75691,Nicolas Otamendi,Argentina,Sub,2,0,58,0,0,0,0,6.5,0.0,0,0,42,38,0,53,2,2,0,0,2,6,0,0,0,6.45,90,0.0
377583,Hicham Boudaoui,Algeria,MC,2,2,108,0,0,0,0,6.7,0.0,0,0,75,72,2,89,5,1,1,1,2,2,1,0,0,6.45,96,0.0
457088,Yazan Al Arab,Jordan,DC,2,2,199,0,0,0,0,7.0,0.01,0,0,71,59,0,107,5,5,5,0,1,17,0,0,0,6.45,83,-0.01
93894,Mateo Kovacic,Croatia,Sub,2,1,110,0,0,0,0,6.5,0.01,1,1,92,90,0,108,3,2,0,0,2,0,2,0,0,6.45,98,-0.01
401721,Cesar Blackman,Panama,DML,2,2,178,0,0,1,0,6.5,0.05,2,1,73,60,0,112,5,1,3,2,2,2,2,0,0,6.45,82,-0.05
24845,Edin Dzeko,Bosnia and Herzegovina,FW,2,2,126,0,0,1,0,6.6,0.58,3,0,38,26,0,50,1,1,2,0,1,3,0,0,0,6.45,68,-0.58
374992,Jean-Kevin Duverne,Haiti,DC,2,2,174,0,0,0,0,7.1,0.09,1,0,63,55,2,101,9,5,0,1,2,4,1,0,0,6.45,87,-0.09
297403,Kieran Tierney,Scotland,ML,2,1,110,0,0,0,0,6.5,0.15,2,0,41,34,3,67,4,2,0,0,3,3,1,0,0,6.45,83,-0.15
509374,Oswin Appollis,South Africa,Sub,3,2,179,0,0,0,0,6.7,0.03,2,1,67,59,0,101,4,0,0,3,1,0,2,0,0,6.43,88,-0.03
327702,Michel Aebischer,Switzerland,MC,3,2,157,0,0,0,0,6.8,0.46,2,1,72,64,4,103,6,0,0,1,3,5,1,0,0,6.43,89,-0.46
134946,Jonathan Tah,Germany,DC,3,3,262,0,0,0,0,6.8,0.0,0,0,261,252,2,289,5,1,1,0,3,10,0,0,0,6.43,97,0.0
83895,Enner Valencia,Ecuador,FW,3,3,234,0,0,0,0,6.5,2.55,10,6,32,30,0,74,1,0,3,0,2,0,4,0,0,6.43,94,-2.55
447642,Luis Chavez,Mexico,Sub,1,0,32,0,0,0,0,6.4,0.0,0,0,28,28,0,35,2,0,0,0,1,1,1,0,0,6.4,100,0.0
391821,Liam Millar,Canada,ML,2,1,99,0,0,1,0,6.5,0.04,1,0,39,30,3,69,4,0,2,2,2,0,2,0,0,6.4,77,-0.04
142959,Lee Jae-Sung,South Korea,AMC,2,2,117,0,0,0,0,6.5,0.7,2,1,58,43,3,86,5,1,2,0,1,2,2,0,0,6.4,74,-0.7
510164,Park Jin-Seob,South Korea,Sub,2,0,45,0,0,0,0,6.5,0.47,1,1,58,51,0,65,0,0,6,0,0,3,0,0,0,6.4,88,-0.47
377210,Pedro Miguel,Qatar,DC,3,3,290,0,0,0,0,6.9,0.43,3,1,72,55,0,133,8,3,1,2,1,14,2,0,0,6.4,76,-0.43
476544,Jordan Bos,Australia,DL,2,2,175,0,0,1,0,6.6,0.09,2,0,46,42,1,82,3,1,0,3,2,2,2,0,0,6.4,91,-0.09
123099,Jason Geria,Australia,Sub,2,0,70,0,0,0,0,6.5,0.0,0,0,17,12,0,37,2,1,4,0,2,3,1,0,0,6.4,71,0.0
104010,Antonio Rudiger,Germany,Sub,3,1,168,0,0,0,0,6.7,0.01,1,0,122,112,0,136,3,0,4,0,0,7,0,0,0,6.4,92,-0.01
389945,Sontje Hansen,Curacao,FW,1,1,45,0,0,0,0,6.4,0.02,1,1,7,6,2,15,1,0,0,0,0,2,1,0,0,6.4,86,-0.02
34069,Johny Placide,Haiti,GK,3,3,291,0,0,1,0,6.9,0.0,0,0,98,61,0,120,0,0,1,0,0,0,0,11,0,6.4,62,0.0
411078,Quinten Timber,Netherlands,Sub,1,0,27,0,0,0,0,6.4,0.0,0,0,5,4,1,12,3,0,1,0,0,2,0,0,0,6.4,80,0.0
343435,Ritsu Doan,Japan,DMR,2,2,147,0,0,0,0,6.7,0.0,0,0,41,34,0,75,3,0,0,0,1,4,0,0,0,6.4,83,0.0
379783,Yukinari Sugawara,Japan,Sub,2,0,44,0,0,0,0,6.6,0.09,1,1,27,21,1,39,0,0,2,0,0,1,0,0,0,6.4,78,-0.09
454908,Isak Hien,Sweden,DC,2,2,191,0,0,0,0,7.0,0.0,0,0,112,103,1,130,3,1,5,0,2,7,0,0,0,6.4,92,0.0
388098,Jeremy Doku,Belgium,AML,1,1,85,0,0,0,0,6.4,0.1,1,0,24,19,1,58,1,1,0,3,1,0,4,0,0,6.4,79,-0.1
446073,Alan Minda,Ecuador,ML,1,1,55,0,0,0,0,6.4,0.47,2,0,15,11,0,25,0,1,0,0,0,1,0,0,0,6.4,73,-0.47
238916,Mikel Merino,Spain,Sub,2,0,63,0,0,0,0,6.5,0.18,2,1,26,21,3,33,3,0,1,0,1,0,1,0,0,6.4,81,-0.18
379742,Laros Duarte,Cape Verde,MC,2,1,88,0,0,0,0,6.8,0.05,2,2,15,14,2,25,0,0,0,1,0,2,0,0,0,6.4,93,-0.05
328549,Deroy Duarte,Cape Verde,Sub,2,0,88,0,0,0,0,6.5,0.0,0,0,18,14,1,30,2,3,0,0,1,3,0,0,0,6.4,78,0.0
479288,El Hadji Malick Diouf,Senegal,DL,2,2,152,0,0,0,0,6.5,0.0,0,0,65,52,1,103,6,1,4,1,2,8,2,0,0,6.4,80,0.0
402095,Liberato Cacace,New Zealand,DL,2,2,142,0,0,0,0,6.7,0.08,1,1,41,33,2,85,3,2,0,2,1,4,0,0,0,6.4,80,-0.08
476846,Callan Elliot,New Zealand,Sub,1,0,18,0,0,0,0,6.4,0.0,0,0,5,5,0,14,1,0,1,0,0,1,0,0,0,6.4,100,0.0
505331,Ali Jasim,Iraq,ML,1,1,72,0,0,0,0,6.4,0.0,0,0,17,14,1,33,1,0,0,2,0,1,0,0,0,6.4,82,0.0
372407,Kristian Thorstvedt,Norway,Sub,1,0,25,0,0,0,0,6.4,0.22,2,0,10,10,0,17,2,0,0,0,0,1,1,0,0,6.4,100,-0.22
470595,Mohammed Abu Al Shamat,Saudi Arabia,MR,2,1,119,0,0,0,0,6.5,0.0,0,0,42,34,0,62,5,1,1,0,2,4,0,0,0,6.4,81,0.0
448735,Sebastian Caceres,Uruguay,DC,2,2,196,0,0,0,0,6.5,0.15,3,0,149,128,0,169,2,0,6,0,2,8,0,0,0,6.4,86,-0.15
377271,Sasa Kalajdzic,Austria,FW,1,1,45,0,0,0,0,6.4,0.08,2,0,15,10,1,26,1,0,1,1,1,0,0,0,0,6.4,67,-0.08
301440,Ezri Konsa,England,DC,2,2,192,0,0,0,0,6.8,0.71,2,1,189,183,0,204,1,0,1,0,3,1,0,0,0,6.4,97,-0.71
362219,Djed Spence,England,Sub,2,1,82,0,0,0,0,6.6,0.43,1,1,51,48,0,64,2,0,0,0,0,1,0,0,0,6.4,94,-0.43
362824,Morgan Rogers,England,Sub,2,0,49,0,0,0,0,6.8,0.0,0,0,14,9,2,20,1,0,1,0,1,1,0,0,0,6.4,64,0.0
426502,Tomas Araujo,Portugal,DC,1,1,94,0,0,1,0,6.4,0.0,0,0,104,98,1,109,0,1,1,0,1,2,0,0,0,6.4,94,0.0
299271,Axel Tuanzebe,DR Congo,DC,2,2,190,0,0,0,0,6.4,0.0,0,0,42,35,0,61,2,1,0,0,2,11,1,0,0,6.4,83,0.0
141392,Joris Kayembe,DR Congo,Sub,2,0,45,0,0,0,0,6.4,0.02,1,0,9,7,1,27,4,1,0,0,0,1,0,0,0,6.4,78,-0.02
345988,Elisha Owusu,Ghana,MC,1,1,77,0,0,0,0,6.4,0.0,0,0,24,19,0,38,4,0,0,0,0,1,2,0,0,6.4,79,0.0
422135,Kamaldeen Sulemana,Ghana,AMC,1,1,57,0,0,0,0,6.4,0.0,0,0,12,9,1,23,3,1,0,0,1,0,2,0,0,6.4,75,0.0
463426,Kwasi Sibo,Ghana,Sub,2,1,120,0,0,0,0,6.5,0.0,0,0,31,30,0,43,0,2,2,0,4,2,1,0,0,6.4,97,0.0
262702,Dostonbek Khamdamov,Uzbekistan,Sub,1,0,55,0,0,0,0,6.4,0.07,2,0,11,9,1,26,3,2,0,0,0,1,0,0,0,6.4,82,-0.07
474201,Moise Bombito,Canada,Sub,1,0,52,0,0,0,0,6.4,0.0,0,0,37,36,0,37,0,0,0,0,1,0,0,0,0,6.4,97,0.0
457093,Yang Hyun-Jun,South Korea,Sub,1,0,26,0,0,0,0,6.4,0.65,1,1,7,4,0,18,3,1,0,0,1,0,0,0,0,6.4,57,-0.65
361945,Gabriel Avalos,Paraguay,Sub,1,0,7,0,0,0,0,6.4,0.0,0,0,3,3,0,4,1,0,3,0,0,0,0,0,0,6.4,100,0.0
447553,Saleh Hardani,Iran,DR,1,1,45,0,0,0,0,6.4,0.0,0,0,5,2,0,15,3,1,0,0,0,2,0,0,0,6.4,40,0.0
298694,Pervis Estupinan,Ecuador,ML,2,1,96,0,0,0,0,6.5,0.0,0,0,56,48,1,79,5,0,1,0,3,4,1,0,0,6.4,86,0.0
353698,Roshon van Eijma,Curacao,Sub,1,0,20,0,0,0,0,6.4,0.0,0,0,2,1,0,6,1,0,2,0,0,2,0,0,0,6.4,50,0.0
457079,Ayumu Seko,Japan,Sub,1,0,17,0,0,0,0,6.4,0.0,0,0,13,11,1,15,0,0,1,0,1,2,0,0,0,6.4,85,0.0
499595,Hossam Abdelmaguid,Egypt,Sub,1,0,16,0,0,0,0,6.4,0.0,0,0,3,2,0,7,0,0,3,0,0,4,0,0,0,6.4,67,0.0
457080,Mohammad Abu Hasheesh,Jordan,Sub,1,0,13,0,0,0,0,6.4,0.0,0,0,2,2,0,8,2,0,0,0,0,2,0,0,0,6.4,100,0.0
235829,Mory Diaw,Senegal,Sub,1,0,38,0,0,0,0,6.4,0.0,0,0,13,10,0,16,0,0,0,1,0,0,0,0,0,6.4,77,0.0
380614,Nathanael Mbuku,DR Congo,Sub,1,0,15,0,0,0,0,6.4,0.01,1,1,5,4,1,11,1,0,0,0,1,0,1,0,0,6.4,80,-0.01
138484,Eric Davis,Panama,Sub,1,0,6,0,0,0,0,6.4,0.0,0,0,3,1,0,9,1,0,1,0,0,2,0,0,0,6.4,33,0.0
360292,Mathieu Choiniere,Canada,MC,1,1,57,0,0,0,0,6.4,0.0,0,0,29,24,1,40,1,2,2,0,1,0,0,0,0,6.4,83,0.0
431275,Jens Castrop,South Korea,Sub,1,0,51,0,0,0,0,6.4,0.0,0,0,30,23,1,45,1,0,1,1,3,1,0,0,0,6.4,77,0.0
115726,Andy Robertson,Scotland,DL,3,3,238,0,0,1,0,7.0,0.0,0,0,139,112,3,182,5,2,1,1,3,5,0,0,0,6.37,81,0.0
115916,Fabinho,Brazil,Sub,2,0,87,0,0,1,0,6.5,0.0,0,0,45,42,0,55,1,2,2,0,4,5,0,0,0,6.35,93,0.0
300359,Issa Diop,Morocco,DC,2,2,195,0,0,1,0,6.5,0.0,0,0,146,121,0,156,0,1,6,0,1,4,0,0,0,6.35,83,0.0
404193,Fabian Rieder,Switzerland,Sub,2,1,103,0,0,0,0,6.7,0.08,1,0,34,31,2,55,5,1,0,0,0,0,1,0,0,6.35,91,-0.08
377466,Ricardo Pepi,USA,Sub,2,1,100,0,0,0,0,6.7,0.27,3,0,20,15,1,35,1,1,3,1,3,0,0,0,0,6.35,75,-0.27
540684,Orlando Gill,Paraguay,GK,2,2,196,0,0,0,0,7.3,0.0,0,0,60,27,0,79,0,0,0,0,0,3,0,8,0,6.35,45,0.0
384861,Lawrence Shankland,Scotland,FW,2,2,172,0,0,0,0,6.5,0.3,4,0,34,20,3,56,5,0,6,0,5,2,1,0,0,6.35,59,-0.3
428096,Gustaf Lagerbielke,Sweden,DC,2,2,191,0,0,0,0,6.4,0.07,1,1,105,80,1,130,9,0,4,1,1,5,1,0,0,6.35,76,-0.07
476815,Marwan Attia,Egypt,DMC,2,2,195,0,0,1,0,6.5,0.06,1,0,137,122,3,165,3,1,0,0,3,3,0,0,0,6.35,89,-0.06
447489,Ange-Yoan Bonny,Ivory Coast,Sub,2,1,117,0,0,0,0,6.4,0.03,1,1,18,14,0,39,1,0,2,1,1,1,2,0,0,6.35,78,-0.03
342550,Nuno da Costa,Cape Verde,Sub,2,0,76,0,0,0,0,6.5,0.0,0,0,13,9,0,32,2,0,3,2,0,1,4,0,0,6.35,69,0.0
429514,Zidane Iqbal,Iraq,Sub,2,1,131,0,0,0,0,6.5,0.0,0,0,91,83,1,108,4,1,0,3,1,0,1,0,0,6.35,91,0.0
457103,Saud Abdulhamid,Saudi Arabia,DR,2,2,190,0,0,0,0,6.6,0.04,1,0,66,55,0,101,9,1,2,0,2,5,0,0,0,6.35,83,-0.04
458371,Moteb Al Harbi,Saudi Arabia,DL,2,2,190,0,0,0,0,6.8,0.0,0,0,51,38,0,94,0,4,1,1,0,9,1,0,0,6.35,75,0.0
447662,Nasser Al Dawsari,Saudi Arabia,Sub,2,1,125,0,0,0,0,6.5,0.0,0,0,51,44,0,74,5,2,2,2,3,5,1,0,0,6.35,86,0.0
320833,Luca Zidane,Algeria,GK,2,2,193,0,0,0,0,6.6,0.0,0,0,55,51,0,74,0,0,0,0,0,1,0,6,0,6.35,93,0.0
137521,Nabil Bentaleb,Algeria,MC,2,1,133,0,0,0,0,6.5,0.01,1,0,101,91,2,115,2,2,0,0,0,1,1,0,0,6.35,90,-0.01
515829,Anis Hadj Moussa,Algeria,FWR,2,1,85,0,0,0,0,6.6,0.15,2,0,28,23,3,52,1,1,0,2,0,0,1,0,0,6.35,82,-0.15
86513,Cedric Bakambu,DR Congo,FW,2,2,140,0,0,0,0,6.6,0.16,3,0,22,16,1,39,0,0,5,2,2,1,1,0,0,6.35,73,-0.16
458339,Jose Cordoba,Panama,DC,2,2,196,0,0,0,0,6.5,0.0,0,0,143,128,0,168,3,1,1,1,5,10,1,0,0,6.35,90,0.0
622515,Dominique Simon,Haiti,Sub,2,0,69,0,0,0,0,6.6,0.01,1,1,31,23,1,42,2,1,1,0,1,1,0,0,0,6.35,74,-0.01
445292,Tani Oluwaseyi,Canada,FW,3,1,141,0,0,0,0,6.5,0.35,3,1,27,13,2,51,1,0,6,1,1,0,4,0,0,6.33,48,-0.35
71968,Kim Seung-Gyu,South Korea,GK,3,3,288,0,0,0,0,6.8,0.0,0,0,107,73,0,131,0,0,1,0,0,0,0,9,0,6.33,68,0.0
91909,Son Heung-Min,South Korea,FW,3,2,175,0,0,0,0,6.7,0.86,7,1,60,50,2,87,1,0,0,3,0,0,0,0,0,6.33,83,-0.86
262854,Hwang Hee-Chan,South Korea,Sub,3,1,120,0,0,0,0,6.4,0.01,1,0,47,39,1,65,2,0,0,3,1,1,1,0,0,6.33,83,-0.01
260819,Akram Afif,Qatar,FWL,3,3,251,0,0,0,0,6.4,0.12,2,0,91,73,4,129,1,0,0,0,0,0,4,0,0,6.33,80,-0.12
555256,Martin Experience,Haiti,DL,3,3,291,0,0,0,0,6.6,0.01,1,0,94,76,2,165,16,4,0,0,7,9,2,0,0,6.33,81,-0.01
280210,Jack Hendry,Scotland,DC,3,3,289,0,0,0,0,6.7,0.0,0,0,184,172,1,202,2,0,3,0,1,6,0,0,0,6.33,93,0.0
445302,Esmir Bajraktarevic,Bosnia and Herzegovina,MR,3,2,203,0,0,0,0,6.6,0.04,2,1,49,37,2,86,3,4,1,1,1,3,4,0,0,6.3,76,-0.04
460297,Benjamin Tahirovic,Bosnia and Herzegovina,MC,3,2,209,0,0,0,0,6.6,0.02,1,0,71,58,0,103,6,4,2,0,3,4,2,0,0,6.3,82,-0.02
363731,Jaroslav Zeleny,Czechia,DML,2,1,139,0,0,0,0,6.5,0.04,1,0,39,29,0,68,1,0,1,2,0,5,1,0,0,6.3,74,-0.04
341525,Roger Ibanez,Brazil,DR,1,1,45,0,0,1,0,6.3,0.0,0,0,17,16,0,32,4,1,0,1,2,1,0,0,0,6.3,94,0.0
443784,Igor Thiago,Brazil,FW,1,1,61,0,0,0,0,6.3,0.7,2,1,6,5,0,16,3,0,1,0,2,0,0,0,0,6.3,83,-0.7
111998,Boualem Khoukhi,Qatar,DC,3,3,290,0,0,0,0,6.4,0.02,2,0,116,92,0,173,8,3,5,0,2,27,0,0,0,6.3,79,-0.02
377214,Ahmed Fathy,Qatar,Sub,3,1,168,0,0,2,0,6.6,0.0,0,0,64,56,1,91,6,3,0,0,2,2,1,0,0,6.3,88,0.0
424624,Zeki Amdouni,Switzerland,Sub,1,0,19,0,0,0,0,6.3,0.02,1,0,4,4,1,14,1,0,0,1,0,0,0,0,0,6.3,100,-0.02
202096,Junior Alonso,Paraguay,DL,2,2,196,0,0,1,0,6.9,0.0,0,0,49,32,1,84,8,2,0,0,1,3,0,0,0,6.3,65,0.0
231118,Cameron Burgess,Australia,DC,2,2,141,0,0,0,0,7.3,0.01,0,0,60,46,0,74,3,2,3,0,0,8,0,0,0,6.3,77,-0.01
481083,Mohamed Toure,Australia,FW,2,2,118,0,0,0,0,6.4,0.19,2,1,10,9,1,25,1,0,1,2,3,0,2,0,0,6.3,90,-0.19
143724,Shogo Taniguchi,Japan,DC,1,1,96,0,0,0,0,6.3,0.0,0,0,50,49,0,62,0,0,0,0,0,9,0,0,0,6.3,98,0.0
487049,Koki Ogawa,Japan,Sub,1,0,22,0,0,0,0,6.3,0.09,2,0,1,0,1,3,0,0,0,0,0,0,0,0,0,6.3,0,-0.09
320585,Jesper Karlstrom,Sweden,DMC,2,2,138,0,0,0,0,6.6,0.16,1,0,44,33,2,56,3,1,2,1,3,3,0,0,0,6.3,75,-0.16
431371,Mohamed Amine Ben Hmida,Tunisia,DC,2,1,146,0,0,0,0,6.3,0.0,0,0,79,68,0,107,8,0,0,0,0,7,0,0,0,6.3,86,0.0
400815,Amadou Onana,Belgium,DMC,1,1,55,0,0,0,0,6.3,0.0,0,0,36,31,0,46,0,1,1,0,1,1,1,0,0,6.3,86,0.0
141646,Mike Maignan,France,GK,2,2,191,0,0,0,0,6.5,0.0,0,0,49,37,0,62,0,0,0,0,0,0,0,2,0,6.3,76,0.0
366116,Iliman Ndiaye,Senegal,Sub,1,0,17,0,0,0,0,6.3,0.0,0,0,10,9,1,15,0,1,0,0,0,0,2,0,0,6.3,90,0.0
458110,Mehdi Ghayedi,Iran,Sub,1,0,50,0,0,0,0,6.3,0.04,1,0,10,5,1,20,1,0,1,0,2,0,1,0,0,6.3,50,-0.04
447677,Ali Lajami,Saudi Arabia,Sub,2,1,104,0,0,0,0,6.4,0.0,0,0,24,19,0,50,2,2,1,0,0,16,0,0,0,6.3,79,0.0
101374,John Stones,England,DC,1,1,86,0,0,0,0,6.3,0.0,0,0,65,62,0,71,2,0,2,0,1,1,0,0,0,6.3,95,0.0
20874,Luka Modric,Croatia,MC,2,2,137,0,0,0,0,6.9,0.05,1,0,105,96,1,122,2,1,0,0,2,2,0,0,0,6.3,91,-0.05
129903,Mario Pasalic,Croatia,MC,2,1,92,0,0,0,0,6.5,0.01,1,0,30,28,0,38,3,0,1,0,2,1,0,0,0,6.3,93,-0.01
104368,Chancel Mbemba,DR Congo,DC,2,2,190,0,0,1,0,6.5,0.0,0,0,68,50,1,90,3,1,0,0,1,7,0,0,0,6.3,74,0.0
363718,Edo Kayembe,DR Congo,MC,2,2,144,0,0,0,0,6.7,0.03,2,1,34,28,1,62,2,0,1,2,5,1,3,0,0,6.3,82,-0.03
430985,Abdul Fatawu,Ghana,Sub,2,0,75,0,0,0,0,6.4,0.01,1,0,11,9,1,31,1,0,0,1,0,1,0,0,0,6.3,82,-0.01
448768,Orlando Mosquera,Panama,GK,2,2,196,0,0,0,0,6.5,0.0,0,0,52,40,1,65,0,0,1,0,0,0,0,3,0,6.3,77,0.0
238549,Ismael Diaz,Panama,Sub,1,0,28,0,0,0,0,6.3,0.42,2,2,10,8,0,13,0,0,0,1,0,0,0,0,0,6.3,80,-0.42
446166,Andres Gomez,Colombia,Sub,1,0,8,0,0,0,0,6.3,0.0,0,0,0,0,0,2,1,1,0,0,0,0,0,0,0,6.3,,0.0
103622,Silvan Widmer,Switzerland,DR,2,1,108,0,0,0,0,6.7,0.0,0,0,32,25,0,58,0,1,0,0,1,5,1,0,0,6.3,78,0.0
363069,Joe Scally,USA,Sub,1,0,13,0,0,0,0,6.3,0.0,0,0,5,3,0,9,0,0,1,0,0,2,0,0,0,6.3,60,0.0
484926,Besfort Zeneli,Sweden,Sub,1,0,40,0,0,0,0,6.3,0.01,1,1,23,22,0,28,2,0,0,0,0,0,0,0,0,6.3,96,-0.01
299490,Dodi Lukebakio,Belgium,Sub,1,0,38,0,0,0,0,6.3,0.04,2,1,9,9,0,20,1,0,0,0,0,1,2,0,0,6.3,100,-0.04
358798,Mehdi Torabi,Iran,Sub,1,0,30,0,0,0,0,6.3,0.0,0,0,18,15,0,26,4,1,0,0,0,0,0,0,0,6.3,83,0.0
562979,Junnosuke Suzuki,Japan,Sub,1,0,23,0,0,0,0,6.3,0.0,0,0,3,3,0,6,0,1,0,0,0,1,0,0,0,6.3,100,0.0
83809,Nicolas Tagliafico,Argentina,Sub,1,0,16,0,0,0,0,6.3,0.0,0,0,1,1,0,6,0,0,1,0,0,2,0,0,0,6.3,100,0.0
84919,Michael Gregoritsch,Austria,FW,1,1,84,0,0,0,0,6.3,0.1,1,0,17,9,0,26,0,0,5,0,0,1,1,0,0,6.3,53,-0.1
142431,Garry Rodrigues,Cape Verde,ML,1,1,58,0,0,0,0,6.3,0.0,0,0,7,5,0,16,2,1,0,1,0,0,0,0,0,6.3,71,0.0
457407,Yannick Semedo,Cape Verde,Sub,1,0,19,0,0,0,0,6.3,0.0,0,0,13,10,0,16,1,1,0,0,1,0,0,0,0,6.3,77,0.0
368409,Trincao,Portugal,Sub,1,0,32,0,0,0,0,6.3,0.1,1,0,15,12,0,20,1,0,0,0,0,0,0,0,0,6.3,80,-0.1
455410,Khojiakbar Alijonov,Uzbekistan,Sub,1,0,50,0,0,0,0,6.3,0.0,0,0,8,6,1,17,1,2,0,1,1,0,1,0,0,6.3,75,0.0
513008,Ahmed Al Ganehi,Qatar,Sub,1,0,41,0,0,0,0,6.3,0.02,1,0,9,8,1,20,2,0,0,1,1,0,0,0,0,6.3,89,-0.02
393355,Malick Thiaw,Germany,Sub,1,0,38,0,0,0,0,6.3,0.0,0,0,30,25,0,38,2,0,1,0,1,1,0,0,0,6.3,83,0.0
407476,Angelo Stiller,Germany,Sub,1,0,52,0,0,0,0,6.3,0.0,0,0,35,31,0,40,2,1,0,0,0,0,0,0,0,6.3,89,0.0
377467,Jacob Shaffelburg,Canada,Sub,3,0,77,0,0,0,0,6.3,0.26,3,0,28,25,4,55,1,1,1,0,0,0,3,0,0,6.27,89,-0.26
428102,Amar Memic,Bosnia and Herzegovina,ML,3,2,221,0,0,0,0,6.5,0.13,2,1,34,27,0,74,4,0,4,1,3,9,2,0,0,6.27,79,-0.13
363683,Ivan Sunjic,Bosnia and Herzegovina,Sub,3,2,153,0,0,0,0,6.9,0.02,1,1,84,74,2,102,3,0,2,0,5,3,1,0,0,6.27,88,-0.02
477549,Seol Young-Woo,South Korea,DMR,3,3,262,0,0,0,0,6.5,0.12,2,0,98,86,3,154,3,1,1,0,1,3,1,0,0,6.27,88,-0.12
362786,Paik Seung-Ho,South Korea,MC,3,3,204,0,0,1,0,6.5,0.0,0,0,157,135,0,179,1,1,3,0,1,5,1,0,0,6.27,86,0.0
383685,Lukas Provod,Czechia,AMC,3,1,135,0,0,0,0,6.7,0.02,1,0,47,35,1,73,3,1,1,1,2,3,0,0,0,6.27,74,-0.02
136220,Yassine Bounou,Morocco,GK,3,3,293,0,0,0,0,6.9,0.01,0,0,92,57,0,110,0,0,1,0,0,3,0,5,0,6.27,62,-0.01
336915,Scott McTominay,Scotland,MC,3,3,289,0,0,0,0,6.5,1.81,8,3,96,85,1,137,4,0,3,4,3,3,5,0,0,6.27,89,-1.81
437387,Anass Salah-Eddine,Morocco,Sub,2,1,103,0,0,0,0,6.5,0.0,0,0,62,61,1,81,4,1,0,0,1,1,0,0,0,6.25,98,0.0
112080,Karim Boudiaf,Qatar,Sub,2,1,109,0,0,0,0,6.3,0.01,1,0,69,64,1,82,1,0,1,0,0,2,0,0,0,6.25,93,-0.01
393132,Sebastian Berhalter,USA,Sub,2,0,72,0,0,0,0,6.3,0.01,1,0,37,26,0,48,0,1,3,0,0,1,0,0,0,6.25,70,-0.01
115519,Leon Goretzka,Germany,Sub,2,0,32,0,0,0,0,6.3,0.0,0,0,13,11,0,20,2,1,1,0,0,1,2,0,0,6.25,85,0.0
614510,Elliot Stroud,Sweden,Sub,2,0,35,0,0,0,0,6.3,0.0,0,0,11,7,1,16,1,0,0,0,0,0,0,0,0,6.25,64,0.0
395962,Telmo Arcanjo,Cape Verde,Sub,2,1,62,0,0,0,0,6.4,0.0,0,0,15,12,2,22,0,0,0,1,0,0,0,0,0,6.25,80,0.0
386153,Rayan Cherki,France,Sub,2,0,38,0,0,0,0,6.5,0.0,0,0,29,23,1,37,1,0,0,1,0,0,0,0,0,6.25,79,0.0
312994,Milad Mohammadi,Iran,DL,2,1,125,0,0,0,0,6.3,0.0,0,0,49,41,1,80,6,1,0,0,0,4,0,0,0,6.25,84,0.0
602850,Zaid Ismael,Iraq,MC,2,2,117,0,0,0,0,6.5,0.0,0,0,72,63,0,86,9,1,2,0,2,1,1,0,0,6.25,88,0.0
424588,Andreas Schjelderup,Norway,Sub,2,0,55,0,0,0,0,6.3,0.0,0,0,13,11,2,23,2,0,0,1,0,1,0,0,0,6.25,85,0.0
447657,Feras Al Brikan,Saudi Arabia,FW,2,2,151,0,0,0,0,6.6,0.0,0,0,39,25,0,55,2,1,8,0,1,2,0,0,0,6.25,64,0.0
408962,Manuel Ugarte,Uruguay,DMC,2,2,140,0,0,0,0,6.5,0.07,3,1,123,108,1,142,4,2,1,1,1,2,0,0,0,6.25,88,-0.07
400828,Darwin Nunez,Uruguay,FW,2,1,74,0,0,0,0,6.3,0.11,1,0,10,9,1,17,2,1,1,1,1,0,0,0,0,6.25,90,-0.11
382265,Brian Rodriguez,Uruguay,Sub,2,0,36,0,0,0,0,6.3,0.15,3,1,13,10,2,36,0,0,0,1,0,0,1,0,0,6.25,77,-0.15
365409,Julian Alvarez,Argentina,Sub,2,0,76,0,0,0,0,6.3,0.45,1,1,19,16,0,25,1,0,0,0,1,0,2,0,0,6.25,84,-0.45
202134,Ehsan Haddad,Jordan,DMR,2,2,177,0,0,0,0,6.3,0.1,1,0,40,27,2,79,5,0,1,0,2,7,0,0,0,6.25,68,-0.1
566738,Steve Kapuadi,DR Congo,DC,2,2,190,0,0,0,0,6.4,0.1,1,0,56,47,2,69,1,1,1,0,2,5,0,0,0,6.25,84,-0.1
342571,Samuel Moutoussamy,DR Congo,MC,2,2,175,0,0,0,0,6.3,0.05,3,0,53,42,0,70,6,1,1,1,5,0,0,0,0,6.25,79,-0.05
468938,Ngal'ayel Mukau,DR Congo,MC,2,2,101,0,0,0,0,6.3,0.0,0,0,35,27,1,55,2,3,0,1,0,1,2,0,0,6.25,77,0.0
357073,Antoine Semenyo,Ghana,ML,2,2,197,0,0,0,0,6.5,0.17,2,0,27,21,1,57,2,0,3,1,5,0,3,0,0,6.25,78,-0.17
396239,Carlos Harvey,Panama,MC,2,2,196,0,0,1,0,6.3,0.17,3,0,91,68,2,124,9,0,2,1,6,3,2,0,0,6.25,75,-0.17
493206,Abdukodir Khusanov,Uzbekistan,DC,2,2,195,0,0,1,0,6.5,0.0,0,0,55,49,0,83,2,4,1,1,3,6,1,0,0,6.25,89,0.0
419580,Obed Vargas,Mexico,Sub,2,0,60,0,0,0,0,6.3,0.02,1,1,19,16,0,23,1,0,0,0,1,1,0,0,0,6.25,84,-0.02
445649,Endrick,Brazil,Sub,2,0,47,0,0,0,0,6.4,0.0,0,0,10,10,0,20,2,1,1,0,1,0,1,0,0,6.25,100,0.0
399385,Adam Hlozek,Czechia,Sub,3,2,162,0,0,0,0,6.5,0.33,3,1,29,21,2,54,2,1,4,1,4,0,3,0,0,6.23,72,-0.33
512740,Samir El Mourabet,Morocco,Sub,3,0,58,0,0,0,0,6.5,0.0,0,0,37,34,2,44,2,1,0,1,0,0,0,0,0,6.23,92,0.0
404551,Ruben Providence,Haiti,ML,3,3,220,0,0,0,0,6.6,0.22,4,1,48,42,2,108,9,0,0,5,3,3,2,0,0,6.23,88,-0.22
443795,Frantzdy Pierrot,Haiti,FW,3,2,159,0,0,1,0,6.5,0.82,3,1,21,14,3,39,0,0,9,0,5,4,3,0,0,6.23,67,-0.82
430350,Ben Gannon-Doak,Scotland,MR,3,2,191,0,0,0,0,6.9,0.22,4,0,53,48,2,93,3,0,0,4,3,0,2,0,0,6.23,91,-0.22
371029,Derek Cornelius,Canada,DC,3,3,237,0,0,1,0,6.7,0.65,4,0,142,116,0,179,6,2,8,0,4,8,0,0,0,6.2,82,-0.65
145304,Nikola Vasilj,Bosnia and Herzegovina,GK,3,3,289,0,0,0,0,6.4,0.0,0,0,110,64,0,135,0,0,1,0,0,3,0,6,0,6.2,58,0.0
388668,Matej Kovar,Czechia,GK,3,3,289,0,0,0,0,6.7,0.0,0,0,82,47,0,110,0,0,0,0,0,2,0,9,0,6.2,57,0.0
412171,Pavel Sulc,Czechia,AMC,3,2,202,0,0,0,0,6.8,0.02,2,0,55,39,1,86,3,0,4,3,2,3,5,0,0,6.2,71,-0.02
397587,Luiz Henrique,Brazil,Sub,1,0,39,0,0,0,0,6.2,0.0,0,0,13,12,1,14,1,0,1,0,0,0,0,0,0,6.2,92,0.0
454474,Yusuf Abdurisag,Qatar,FW,2,2,98,0,0,0,0,6.4,0.0,0,0,15,8,1,36,6,1,1,0,1,2,1,0,0,6.2,53,0.0
433247,Gustavo Velazquez,Paraguay,Sub,2,0,52,0,0,0,0,6.3,0.0,0,0,5,5,0,21,0,1,1,0,0,3,1,0,0,6.2,100,0.0
83249,Aziz Behich,Australia,Sub,1,0,13,0,0,0,0,6.2,0.0,0,0,1,1,0,10,0,0,0,0,1,2,1,0,0,6.2,100,0.0
118837,Jackson Irvine,Australia,Sub,2,0,28,0,0,0,0,6.2,0.0,0,0,7,5,0,15,0,0,1,1,1,3,0,0,0,6.2,71,0.0
107622,Jurgen Locadia,Curacao,FW,2,2,146,0,0,0,0,6.4,0.09,1,0,32,24,0,57,0,0,5,0,2,2,1,0,0,6.2,75,-0.09
256419,Che Adams,Scotland,FW,3,2,150,0,0,0,0,6.4,0.65,1,1,18,14,1,28,1,0,3,0,4,1,0,0,0,6.2,78,-0.65
396975,Nathan Patterson,Scotland,Sub,3,2,193,0,0,0,0,6.3,0.0,0,0,93,81,0,129,6,3,1,0,2,5,0,0,0,6.2,87,0.0
377285,Takefusa Kubo,Japan,AMC,1,1,74,0,0,0,0,6.2,0.01,1,0,16,12,1,24,0,1,0,0,1,0,1,0,0,6.2,75,-0.01
425353,Anis Ben Slimane,Tunisia,FW,2,2,178,0,0,0,0,6.2,0.0,0,0,70,54,1,86,3,1,5,0,0,1,0,0,0,6.2,77,0.0
414495,Nathan Ngoy,Belgium,DC,2,2,190,0,0,0,1,6.6,0.09,1,0,148,142,0,169,5,3,3,1,4,4,0,0,0,6.2,96,-0.09
407661,Elye Wahi,Ivory Coast,FW,1,1,55,0,0,0,0,6.2,1.26,2,1,10,6,0,17,1,0,0,0,0,0,1,0,0,6.2,60,-1.26
403771,Ali Alipour,Iran,Sub,1,0,43,0,0,0,0,6.2,0.1,1,0,9,5,0,17,1,1,0,0,1,1,0,0,0,6.2,56,-0.1
134040,Max Crocombe,New Zealand,GK,2,2,195,0,0,0,0,6.4,0.0,0,0,68,47,1,85,1,0,0,0,0,0,1,6,0,6.2,69,0.0
42898,Michael Boxall,New Zealand,DC,2,2,195,0,0,0,0,6.5,0.0,0,0,103,94,0,139,2,2,2,0,1,13,1,0,0,6.2,91,0.0
379696,Sarpreet Singh,New Zealand,AMC,2,2,166,0,0,1,0,6.7,0.24,4,2,64,48,1,104,1,1,1,2,2,1,6,0,0,6.2,75,-0.24
496299,Tyler Bindon,New Zealand,Sub,2,0,20,0,0,0,0,6.2,0.65,1,1,12,8,0,17,1,0,2,1,1,0,0,0,0,6.2,67,-0.65
423970,Marko Farji,Iraq,Sub,2,0,63,0,0,0,0,6.4,0.0,0,0,10,7,1,21,1,1,0,1,0,0,0,0,0,6.2,70,0.0
39187,rjan Nyland,Norway,GK,2,2,197,0,0,0,0,6.3,0.0,0,0,71,45,0,84,0,0,0,0,0,3,0,2,0,6.2,63,0.0
430709,Oscar Bobb,Norway,Sub,2,0,42,0,0,0,0,6.3,0.15,1,1,23,21,1,27,2,0,0,0,0,0,0,0,0,6.2,91,-0.15
448659,Nico Paz,Argentina,Sub,1,0,17,0,0,0,0,6.2,0.0,0,0,4,4,0,8,2,0,0,0,1,0,1,0,0,6.2,100,0.0
486753,Rafik Belghali,Algeria,DR,2,2,193,0,0,0,0,6.2,0.05,1,0,108,101,2,142,3,0,2,1,3,3,1,0,0,6.2,94,-0.05
418589,Patrick Wimmer,Austria,Sub,2,0,40,0,0,0,0,6.2,0.08,1,0,12,7,0,23,2,2,2,0,3,0,0,0,0,6.2,58,-0.08
586822,Odeh Fakhoury,Jordan,AMC,2,1,110,0,0,0,0,6.6,0.04,1,1,15,11,2,29,3,1,0,1,1,1,0,0,0,6.2,73,-0.04
295226,Mahmoud Al Mardi,Jordan,Sub,2,1,97,0,0,0,0,6.4,0.09,1,1,30,24,1,52,2,0,0,0,2,0,1,0,0,6.2,80,-0.09
562781,Mohammad Al Daoud,Jordan,Sub,1,0,15,0,0,0,0,6.2,0.0,0,0,4,1,0,10,0,0,0,1,0,2,0,0,0,6.2,25,0.0
533010,Luka Vuskovic,Croatia,DC,1,1,65,0,0,0,0,6.2,0.0,0,0,42,37,0,54,0,1,0,1,1,5,0,0,0,6.2,88,0.0
296363,Nelson Semedo,Portugal,Sub,2,0,73,0,0,1,0,6.4,0.0,0,0,57,51,0,65,0,0,0,1,1,1,1,0,0,6.2,89,0.0
437449,Noah Sadiki,DR Congo,Sub,2,0,89,0,0,0,0,6.3,0.0,0,0,23,19,1,36,4,0,0,0,0,1,1,0,0,6.2,83,0.0
444788,Gedeon Kalulu,DR Congo,Sub,1,0,10,0,0,0,0,6.2,0.0,0,0,6,4,0,8,1,0,1,0,0,0,0,0,0,6.2,67,0.0
404203,David Zima,Czechia,Sub,1,0,20,0,0,0,0,6.2,0.0,0,0,8,7,0,11,0,0,2,0,0,2,0,0,0,6.2,88,0.0
331235,Brandon Thomas-Asante,Ghana,Sub,1,0,44,0,0,0,0,6.2,0.09,1,0,4,1,0,12,0,0,1,1,0,0,0,0,0,6.2,25,-0.09
318250,Cristian Martinez,Panama,FWR,2,2,157,0,0,0,0,6.3,0.54,1,0,52,40,0,81,7,0,2,0,4,2,0,0,0,6.2,77,-0.54
246297,Farrukh Sayfiev,Uzbekistan,Sub,1,0,55,0,0,0,0,6.2,0.0,0,0,12,9,1,20,0,0,1,0,0,1,0,0,0,6.2,75,0.0
473940,Kevin Castano,Colombia,Sub,1,0,8,0,0,0,0,6.2,0.0,0,0,1,1,0,2,1,0,0,0,0,0,0,0,0,6.2,100,0.0
484837,Niko Sigur,Canada,Sub,1,0,15,0,0,0,0,6.2,0.04,1,0,11,11,0,16,0,0,0,0,0,0,0,0,0,6.2,100,-0.04
452620,Sultan Al Brake,Qatar,Sub,2,1,154,0,0,0,0,6.2,0.0,0,0,41,29,1,64,2,2,0,1,2,5,0,0,0,6.2,71,0.0
380706,Gabriel Martinelli,Brazil,Sub,2,0,63,0,0,0,0,6.4,0.0,0,0,25,25,1,35,0,1,0,0,2,1,0,0,0,6.2,100,0.0
379252,Jamie Leweling,Germany,Sub,1,0,34,0,0,0,0,6.2,0.02,1,0,14,11,0,20,0,0,0,0,0,0,0,0,0,6.2,79,-0.02
471085,Taha Ali,Sweden,Sub,1,0,17,0,0,0,0,6.2,0.0,0,0,6,5,2,12,0,0,0,1,0,0,0,0,0,6.2,83,0.0
397143,Ross Stewart,Scotland,Sub,1,0,7,0,0,0,0,6.2,0.0,0,0,2,0,0,2,0,0,2,0,0,0,0,0,0,6.2,0,0.0
373036,Eren Elmali,Turkiye,Sub,1,0,29,0,0,1,0,6.2,0.0,0,0,12,11,1,18,1,0,0,1,2,1,0,0,0,6.2,92,0.0
399961,Arthur Theate,Belgium,Sub,1,0,23,0,0,0,0,6.2,0.0,0,0,9,9,1,11,0,0,1,0,0,0,0,0,0,6.2,100,0.0
133390,Alireza Jahanbakhsh,Iran,Sub,1,0,50,0,0,0,0,6.2,0.05,1,0,9,6,0,20,3,0,1,1,2,1,0,0,0,6.2,67,-0.05
433525,Jordy Alcivar,Ecuador,DMC,1,1,45,0,0,1,0,6.2,0.07,1,0,33,31,0,39,1,0,0,0,1,0,0,0,0,6.2,94,-0.07
357080,Godfried Roemeratoe,Curacao,Sub,1,0,12,0,0,0,0,6.2,0.0,0,0,2,2,0,4,0,0,0,0,0,2,0,0,0,6.2,100,0.0
321150,Dylan Bronn,Tunisia,DC,1,1,45,0,0,0,0,6.2,0.0,0,0,20,17,0,29,0,1,0,0,1,7,0,0,0,6.2,85,0.0
472403,Yuito Suzuki,Japan,Sub,1,0,17,0,0,0,0,6.2,0.0,0,0,4,4,0,8,1,0,0,0,0,0,1,0,0,6.2,100,0.0
550709,Keisuke Goto,Japan,Sub,1,0,11,0,0,0,0,6.2,0.0,0,0,1,1,0,3,1,0,0,0,0,0,0,0,0,6.2,100,0.0
573388,Kojo Peprah Oppong,Ghana,Sub,1,0,10,0,0,0,0,6.2,0.0,0,0,2,1,0,6,0,0,0,0,0,3,0,0,0,6.2,50,0.0
534438,Sherzod Esanov,Uzbekistan,Sub,1,0,4,0,0,0,0,6.2,0.0,0,0,0,0,0,2,0,1,0,0,0,1,0,0,0,6.2,,0.0
111987,Abdulaziz Hatem,Qatar,Sub,1,0,51,0,0,0,0,6.2,0.0,0,0,30,25,1,37,2,0,0,0,1,2,0,0,0,6.2,83,0.0
71824,Pascal Gro,Germany,Sub,1,0,25,0,0,0,0,6.2,0.02,1,0,14,13,1,20,2,0,0,0,1,0,0,0,0,6.2,93,-0.02
456637,Jayden Adams,South Africa,MC,3,2,122,0,0,0,0,6.2,0.0,0,0,43,39,1,54,1,2,0,1,0,3,0,0,0,6.17,91,0.0
13754,Manuel Neuer,Germany,GK,3,3,285,0,0,0,0,6.4,0.0,0,0,74,66,0,98,0,0,0,0,0,2,0,3,0,6.17,89,0.0
128882,Ryan Christie,Scotland,Sub,3,1,109,0,0,1,0,6.4,0.13,2,0,34,27,0,62,6,2,0,0,2,1,5,0,0,6.17,79,-0.13
447598,Kim Jin-Gyu,South Korea,Sub,2,0,64,0,0,0,0,6.2,0.03,1,0,57,55,1,66,1,0,1,0,0,0,2,0,0,6.15,96,-0.03
605380,Ayoube Amaimouni-Echghouyab,Morocco,Sub,2,0,33,0,0,0,0,6.2,0.72,2,1,8,7,0,20,1,0,0,1,1,0,1,0,0,6.15,88,-0.72
101530,Ahmed Alaa,Qatar,Sub,2,0,56,0,0,0,0,6.3,0.08,1,1,8,4,0,15,1,0,1,0,1,0,0,0,0,6.15,50,-0.08
355870,Orkun Kokcu,Turkiye,AMC,2,1,74,0,0,0,0,6.3,0.1,1,0,45,35,3,64,2,0,0,0,0,1,2,0,0,6.15,78,-0.1
421779,Baris Alper Yilmaz,Turkiye,AML,2,1,98,0,0,0,0,6.5,0.02,1,0,24,18,1,51,1,0,0,3,2,0,1,0,0,6.15,75,-0.02
396795,Lyndon Dykes,Scotland,Sub,2,0,49,0,0,0,0,6.2,0.11,1,0,13,7,0,20,1,0,3,0,2,2,0,0,0,6.15,54,-0.11
100008,Victor Lindelof,Sweden,DC,2,2,191,0,0,0,0,6.6,0.11,1,0,115,107,0,133,1,4,2,0,3,7,0,0,0,6.15,93,-0.11
361797,Montassar Talbi,Tunisia,DC,2,2,191,0,0,0,0,6.6,0.1,1,0,90,83,0,111,3,4,3,0,1,6,0,0,0,6.15,92,-0.1
475462,Matias Fernandez-Pardo,Belgium,Sub,2,0,19,0,0,0,0,6.3,0.02,1,0,7,4,0,11,2,0,0,2,0,0,1,0,0,6.15,57,-0.02
559489,Hamza Abdelkarim,Egypt,Sub,2,0,45,0,0,0,0,6.2,0.0,0,0,8,3,0,12,1,0,3,0,1,1,0,0,0,6.15,38,0.0
239872,Nicolas Pepe,Ivory Coast,FW,2,1,85,0,0,0,0,6.2,0.19,2,0,35,30,0,52,0,0,1,3,0,0,4,0,0,6.15,86,-0.19
80464,Idrissa Gueye,Senegal,DMC,2,2,187,0,0,0,0,6.3,0.03,2,0,131,119,1,143,4,2,0,0,1,0,0,0,0,6.15,91,-0.03
447548,Amirhossein Hosseinzadeh,Iran,Sub,2,0,27,0,0,0,0,6.2,0.12,1,0,14,11,1,22,3,0,0,0,0,0,0,0,0,6.15,79,-0.12
37684,Ehsan Hajisafi,Iran,Sub,2,1,96,0,0,1,0,6.3,0.01,1,0,18,10,0,31,0,1,1,0,2,2,1,0,0,6.15,56,-0.01
137327,Ryan Thomas,New Zealand,Sub,2,0,53,0,0,0,0,6.2,0.0,0,0,14,8,0,25,1,0,2,0,2,2,1,0,0,6.15,57,0.0
403752,Juan Manuel Sanabria,Uruguay,Sub,2,1,151,0,0,0,0,6.3,0.15,3,0,68,59,3,111,1,0,1,0,0,3,0,0,0,6.15,87,-0.15
130812,Alexander Schlager,Austria,GK,2,2,199,0,0,0,0,6.8,0.0,0,0,60,49,0,67,0,0,1,0,0,1,0,5,0,6.15,82,0.0
430703,Paul Wanner,Austria,Sub,2,1,111,0,0,0,0,6.2,0.35,1,0,44,37,1,66,2,1,2,1,2,0,2,0,0,6.15,84,-0.35
457086,Yazeed Abulaila,Jordan,GK,2,2,199,0,0,0,0,7.3,0.0,0,0,44,25,0,65,0,0,3,0,0,4,0,7,0,6.15,57,0.0
113022,Cecilio Waterman,Panama,FW,2,1,81,0,0,0,0,6.2,0.13,2,1,9,6,1,18,0,0,0,0,1,1,1,0,0,6.15,67,-0.13
455374,Azarias Londono,Panama,Sub,2,0,52,0,0,0,0,6.2,0.0,0,0,14,13,2,25,0,1,0,1,0,1,1,0,0,6.15,93,0.0
402213,Richard Rios,Colombia,Sub,2,0,41,0,0,0,0,6.2,0.0,0,0,12,9,0,17,1,0,0,0,2,0,1,0,0,6.15,75,0.0
291944,Anthony Ralston,Scotland,Sub,2,0,22,0,0,0,0,6.3,0.1,1,1,6,5,1,10,2,0,0,0,1,0,0,0,0,6.15,83,-0.1
143595,Tomas Soucek,Czechia,MC,3,1,160,0,0,0,0,6.3,0.3,1,0,45,34,0,59,2,1,2,0,3,2,1,0,0,6.13,76,-0.3
243565,Patrik Schick,Czechia,FW,3,2,193,0,0,0,0,6.4,0.7,2,1,31,27,0,50,3,0,3,0,1,2,3,0,0,6.13,87,-0.7
602023,Issa Laye,Qatar,MC,3,3,290,0,0,0,0,6.8,0.09,1,0,94,86,1,127,3,1,4,0,0,18,0,0,0,6.13,91,-0.09
487365,Louicius Deedson,Haiti,MR,3,1,125,0,0,0,0,6.4,0.05,2,0,16,13,1,52,1,1,0,4,3,1,1,0,0,6.13,81,-0.05
320242,Jean-Ricner Bellegarde,Haiti,MC,3,3,276,0,0,1,0,6.6,0.17,6,0,134,115,3,185,4,3,2,2,4,1,5,0,0,6.13,86,-0.17
409239,Angelo Preciado,Ecuador,Sub,3,0,84,0,0,0,0,6.3,0.0,0,0,23,14,0,41,1,1,0,1,0,3,0,0,0,6.13,61,0.0
444331,Samed Bazdar,Bosnia and Herzegovina,Sub,1,0,35,0,0,0,0,6.1,0.0,0,0,6,2,0,16,1,0,1,1,1,0,1,0,0,6.1,33,0.0
464771,Mojmir Chytil,Czechia,Sub,1,0,13,0,0,0,0,6.1,0.0,0,0,2,2,1,2,0,0,0,0,1,0,0,0,0,6.1,100,0.0
399250,Danilo Santos,Brazil,Sub,2,0,36,0,0,0,0,6.1,0.15,2,1,9,6,0,12,1,0,0,0,0,0,0,0,0,6.1,67,-0.15
476110,Chemsdine Talbi,Morocco,Sub,2,0,48,0,0,0,0,6.2,0.07,2,0,11,11,1,21,0,0,0,0,0,1,1,0,0,6.1,100,-0.07
303924,Miguel Almiron,Paraguay,ML,2,2,176,0,0,1,1,6.3,0.07,2,0,33,23,2,54,7,1,1,3,2,0,0,0,0,6.1,70,-0.07
258840,Ugurcan Cakir,Turkiye,GK,2,2,194,0,0,0,0,6.2,0.0,0,0,49,46,0,62,0,0,0,0,0,4,0,3,0,6.1,94,0.0
136481,Zeki Celik,Turkiye,DR,1,1,80,0,0,0,0,6.1,0.52,1,1,33,30,0,44,1,0,2,0,1,2,0,0,0,6.1,91,-0.52
326403,Salih Ozcan,Turkiye,Sub,1,0,16,0,0,0,0,6.1,0.0,0,0,17,17,0,18,0,0,0,0,0,0,0,0,0,6.1,100,0.0
110154,Memphis Depay,Netherlands,Sub,2,0,51,0,0,1,0,6.3,0.0,0,0,12,11,2,18,0,0,0,0,1,0,3,0,0,6.1,92,0.0
377287,Daizen Maeda,Japan,AMC,1,1,65,0,0,0,0,6.1,0.0,0,0,5,4,0,16,1,0,1,0,0,3,0,0,0,6.1,80,0.0
538340,Kento Shiogai,Japan,Sub,1,0,13,0,0,0,0,6.1,0.0,0,0,1,1,0,2,0,0,0,0,0,0,0,0,0,6.1,100,0.0
418584,Daniel Svensson,Sweden,Sub,1,0,6,0,0,0,0,6.1,0.0,0,0,3,2,0,5,0,0,0,0,0,0,0,0,0,6.1,67,0.0
485295,Hadj Mahmoud,Tunisia,Sub,1,0,25,0,0,0,0,6.1,0.0,0,0,6,6,0,12,2,0,0,0,0,0,0,0,0,6.1,100,0.0
243567,Hans Vanaken,Belgium,Sub,2,0,48,0,0,0,0,6.2,0.24,2,0,31,29,0,42,0,0,1,1,0,0,2,0,0,6.1,94,-0.24
228655,Karim Hafez,Egypt,Sub,1,0,8,0,0,0,0,6.1,0.0,0,0,7,6,0,10,0,0,1,0,0,0,0,0,0,6.1,86,0.0
333238,Zizo,Egypt,Sub,2,0,36,0,0,0,0,6.2,0.66,2,1,10,8,0,20,0,0,0,1,1,0,1,0,0,6.1,80,-0.66
254562,Seko Fofana,Ivory Coast,MC,2,1,95,0,0,1,0,6.6,0.12,5,1,45,39,1,61,0,2,0,1,1,2,2,0,0,6.1,87,-0.12
528208,Dailon Livramento,Cape Verde,FW,1,1,60,0,0,0,0,6.1,0.01,1,0,4,3,0,10,0,0,2,0,0,0,0,0,0,6.1,75,-0.01
415948,Willy Semedo,Cape Verde,Sub,1,0,35,0,0,0,0,6.1,0.0,0,0,9,6,0,21,1,1,1,0,0,1,1,0,0,6.1,67,0.0
321390,Edouard Mendy,Senegal,GK,2,2,161,0,0,0,0,6.4,0.0,0,0,52,43,0,71,0,0,0,0,0,0,0,8,0,6.1,83,0.0
447689,Lamine Camara,Senegal,AMC,2,2,137,0,0,0,0,6.3,0.06,2,0,63,55,1,86,2,2,0,1,2,2,1,0,0,6.1,87,-0.06
556000,Jesse Randall,New Zealand,Sub,2,0,29,0,0,0,0,6.2,0.0,0,0,3,2,1,7,0,0,0,1,0,0,0,0,0,6.1,67,0.0
406536,Hussein Ali,Iraq,DR,2,2,164,0,0,0,0,6.1,0.12,1,0,33,24,0,58,4,2,1,0,1,5,0,0,0,6.1,73,-0.12
455269,Ibrahim Bayesh,Iraq,MR,2,2,145,0,0,0,0,6.6,0.65,1,0,33,28,1,63,5,1,3,1,1,2,2,0,0,6.1,85,-0.65
470590,Musab Al Juwayr,Saudi Arabia,FW,2,2,107,0,0,0,0,6.6,0.0,0,0,48,35,2,64,4,1,0,0,1,0,0,0,0,6.1,73,0.0
447663,Abdullah Al Hamddan,Saudi Arabia,Sub,2,0,59,0,0,0,0,6.2,0.02,1,1,9,5,0,17,0,0,0,1,0,2,0,0,0,6.1,56,-0.02
623444,Alaa Al Hejji,Saudi Arabia,Sub,2,0,45,0,0,0,0,6.2,0.0,0,0,18,16,0,20,1,1,1,0,0,0,0,0,0,6.1,89,0.0
248010,Konrad Laimer,Austria,AMC,2,2,199,0,0,1,0,6.3,0.01,1,0,80,68,0,123,6,2,0,1,4,1,3,0,0,6.1,85,-0.01
562782,Ali Azaizeh,Jordan,Sub,2,0,28,0,0,0,0,6.1,0.01,1,0,7,5,0,11,1,0,0,1,1,0,1,0,0,6.1,71,-0.01
402664,Josko Gvardiol,Croatia,DC,2,2,141,0,0,0,0,6.5,0.65,1,0,76,66,0,96,4,0,1,0,2,4,0,0,0,6.1,87,-0.65
407222,Igor Matanovic,Croatia,Sub,1,0,31,0,0,0,0,6.1,0.01,1,1,1,0,0,6,0,0,1,0,2,0,0,0,0,6.1,0,-0.01
136741,Bernardo Silva,Portugal,AMR,2,1,65,0,0,1,0,6.3,0.0,0,0,37,36,0,43,3,1,0,0,1,0,2,0,0,6.1,97,0.0
300483,Simon Banza,DR Congo,Sub,2,0,50,0,0,0,0,6.2,0.0,0,0,8,4,1,13,1,0,3,0,1,0,0,0,0,6.1,50,0.0
110868,Tomas Holes,Czechia,DC,2,2,160,0,0,0,0,6.5,0.0,0,0,68,56,0,88,4,4,1,1,2,5,0,0,0,6.1,82,0.0
563384,Kamogelo Sebelebele,South Africa,Sub,1,0,14,0,0,0,0,6.1,0.0,0,0,5,4,0,10,1,0,0,1,1,1,0,0,0,6.1,80,0.0
358868,Jose Luis Rodriguez,Panama,FWL,2,2,168,0,0,0,0,6.2,0.02,1,0,36,29,1,71,5,0,1,0,2,0,3,0,0,6.1,81,-0.02
531734,Jakhongir Urozov,Uzbekistan,Sub,1,0,24,0,0,0,0,6.1,0.0,0,0,15,12,0,25,1,1,1,0,0,2,0,0,0,6.1,80,0.0
228547,Orbelin Pineda,Mexico,Sub,1,0,26,0,0,0,0,6.1,0.0,0,0,3,3,1,7,0,0,0,0,0,1,2,0,0,6.1,100,0.0
498764,Cesar Huerta,Mexico,Sub,1,0,13,0,0,0,0,6.1,0.0,0,0,2,2,0,7,1,0,0,0,0,0,0,0,0,6.1,100,0.0
414214,Kim Moon-Hwan,South Korea,DMR,1,1,70,0,0,0,0,6.1,0.0,0,0,20,18,0,29,2,1,0,0,0,1,0,0,0,6.1,90,0.0
318923,Derrick Etienne,Haiti,Sub,1,0,15,0,0,0,0,6.1,0.0,0,0,8,4,1,11,0,0,0,0,0,0,0,0,0,6.1,50,0.0
423523,Jose Canale,Paraguay,Sub,1,0,7,0,0,0,0,6.1,0.0,0,0,1,1,0,3,1,0,0,0,1,0,0,0,0,6.1,100,0.0
403865,Yeremy Pino,Spain,Sub,1,0,53,0,0,0,0,6.1,0.0,0,0,21,17,0,25,0,0,0,0,2,0,0,0,0,6.1,81,0.0
93700,Leandro Paredes,Argentina,Sub,1,0,16,0,0,1,0,6.1,0.0,0,0,9,8,0,10,0,0,0,0,1,0,0,0,0,6.1,89,0.0
426648,Maghnes Akliouche,France,Sub,1,0,10,0,0,0,0,6.1,0.0,0,0,8,5,0,10,1,0,0,0,0,0,0,0,0,6.1,62,0.0
138062,Rebin Sulaka,Iraq,Sub,1,0,33,0,0,0,0,6.1,0.11,1,0,20,16,0,28,0,1,0,0,0,2,0,0,0,6.1,80,-0.11
431067,Mohamed Abdelmonem,Egypt,Sub,1,0,2,0,0,0,0,6.1,0.0,0,0,2,2,0,3,0,0,0,0,0,1,0,0,0,6.1,100,0.0
332403,Eberechi Eze,England,Sub,1,0,23,0,0,0,0,6.1,0.0,0,0,10,8,1,13,0,0,0,0,0,0,0,0,0,6.1,80,0.0
438657,Jaouen Hadjam,Algeria,Sub,1,0,13,0,0,0,0,6.1,0.0,0,0,5,4,0,12,0,0,0,1,0,0,0,0,0,6.1,80,0.0
403859,Pape Matar Sarr,Senegal,Sub,1,0,29,0,0,0,0,6.1,0.03,2,0,21,18,0,23,0,0,0,0,1,0,0,0,0,6.1,86,-0.03
465046,Ruslanbek Jiyanov,Uzbekistan,Sub,1,0,4,0,0,0,0,6.1,0.0,0,0,0,0,0,1,1,0,0,0,0,0,0,0,0,6.1,,0.0
532323,Arjan Malic,Bosnia and Herzegovina,DR,1,1,45,0,0,0,0,6.1,0.0,0,0,26,23,0,34,1,0,0,0,1,0,1,0,0,6.1,88,0.0
136904,Jhon Cordoba,Colombia,Sub,1,0,39,0,0,0,0,6.1,0.0,0,0,4,3,0,6,0,0,0,0,1,0,0,0,0,6.1,75,0.0
345528,Christian Fassnacht,Switzerland,Sub,1,0,12,0,0,0,0,6.1,0.0,0,0,5,5,0,10,1,0,0,0,0,1,2,0,0,6.1,100,0.0
476672,David Doudera,Czechia,DML,1,1,96,0,0,0,0,6.1,0.12,4,0,38,29,1,63,0,1,0,1,0,0,0,0,0,6.1,76,-0.12
405318,Denis Visinsky,Czechia,AMC,1,1,55,0,0,0,0,6.1,0.22,3,0,12,12,0,22,1,0,0,1,0,0,0,0,0,6.1,100,-0.22
21015,Guillermo Ochoa,Mexico,Sub,1,0,19,0,0,0,0,6.1,0.0,0,0,9,4,0,9,0,0,0,0,0,0,0,0,0,6.1,44,0.0
50835,Neymar,Brazil,Sub,1,0,21,0,0,0,0,6.1,0.02,1,1,13,12,3,24,0,0,0,0,0,0,2,0,0,6.1,92,-0.02
422218,Lenny Joseph,Haiti,Sub,3,1,130,0,0,0,0,6.2,0.72,2,0,19,13,1,50,0,0,2,4,6,0,4,0,0,6.07,68,-0.72
402880,Kerem Akturkoglu,Turkiye,FW,2,2,129,0,0,0,0,6.1,0.79,3,1,16,9,3,28,2,0,1,0,0,0,1,0,0,6.05,56,-0.79
582294,Deveron Fonville,Curacao,DL,2,2,170,0,0,0,0,6.7,0.0,0,0,31,25,1,67,5,3,0,2,1,3,3,0,0,6.05,81,0.0
343308,Teun Koopmeiners,Netherlands,Sub,2,0,64,0,0,0,0,6.1,0.24,2,0,29,26,0,38,2,0,1,0,1,0,0,0,0,6.05,90,-0.24
399618,Benjamin Nygren,Sweden,MC,2,2,119,0,0,0,0,6.7,0.04,1,0,32,30,1,52,0,0,2,2,3,0,5,0,0,6.05,94,-0.04
421895,Elias Achouri,Tunisia,Sub,2,0,30,0,0,0,0,6.1,0.01,1,1,6,6,0,11,1,0,0,0,0,0,1,0,0,6.05,100,-0.01
429636,Ali Al Hamadi,Iraq,FW,2,1,125,0,0,0,0,6.5,1.08,6,0,29,21,1,53,3,1,2,2,1,0,1,0,0,6.05,72,-1.08
333478,Abdullah Al Khaibari,Saudi Arabia,MC,2,2,143,0,0,0,0,6.4,0.01,1,0,42,34,0,62,3,1,0,2,0,5,2,0,0,6.05,81,-0.01
111560,Salem Al Dawsari,Saudi Arabia,ML,2,2,196,0,0,1,0,6.2,0.06,2,0,56,42,0,85,4,0,0,5,1,0,2,0,0,6.05,75,-0.06
410639,Carney Chukwuemeka,Austria,Sub,2,0,57,0,0,0,0,6.2,0.43,1,1,17,15,0,31,0,0,1,0,1,0,1,0,0,6.05,88,-0.43
75217,Andrej Kramaric,Croatia,Sub,2,0,69,0,0,0,0,6.2,0.01,1,0,19,16,0,26,1,0,0,0,0,1,0,0,0,6.05,84,-0.01
280961,Rustam Ashurmatov,Uzbekistan,DC,2,2,171,0,0,0,0,6.3,0.0,0,0,80,60,0,121,3,3,2,0,1,14,0,0,0,6.05,75,0.0
53362,Camilo Vargas,Colombia,GK,2,2,196,0,0,0,0,6.8,0.0,0,0,68,50,1,79,0,0,0,0,0,1,0,2,0,6.05,74,0.0
445061,Santiago Gimenez,Mexico,Sub,2,0,51,0,0,0,0,6.2,0.58,1,1,7,3,0,19,0,0,0,0,0,2,2,0,0,6.05,43,-0.58
428031,Robin Hranac,Czechia,DC,3,3,289,0,0,0,0,6.5,0.0,0,0,123,109,0,138,4,1,5,0,6,6,0,0,0,6.03,89,0.0
82917,Kenny McLean,Scotland,Sub,3,1,137,0,0,1,0,6.2,0.01,1,0,64,55,1,80,6,2,0,0,1,1,0,0,0,6.03,86,-0.01
447639,Alexis Vega,Mexico,Sub,1,0,19,0,0,0,0,6.0,0.0,0,0,10,10,0,14,0,0,0,0,0,0,1,0,0,6.0,100,0.0
579163,Armando Gonzalez,Mexico,Sub,1,0,22,0,0,0,0,6.0,0.0,0,0,1,1,0,4,0,0,0,0,1,0,0,0,0,6.0,100,0.0
127148,Jonathan Osorio,Canada,Sub,1,0,6,0,0,0,0,6.0,0.0,0,0,5,4,0,5,0,0,0,0,0,0,0,0,0,6.0,80,0.0
306672,Dzenis Burnic,Bosnia and Herzegovina,Sub,2,0,28,0,0,0,0,6.0,0.02,1,0,7,7,0,10,0,0,0,0,0,0,0,0,0,6.0,100,-0.02
499961,Stepan Chaloupek,Czechia,DC,1,1,96,0,0,0,0,6.0,0.0,0,0,29,18,0,43,1,1,1,0,1,3,2,0,0,6.0,62,0.0
353991,Timothy Weah,USA,Sub,1,0,27,0,0,0,0,6.0,0.05,2,0,14,13,0,17,0,0,0,0,2,0,0,0,0,6.0,93,-0.05
432672,Ramon Sosa,Paraguay,Sub,1,0,20,0,0,0,0,6.0,0.0,0,0,3,3,0,5,0,0,0,0,0,0,0,0,0,6.0,100,0.0
513086,Alex Arce,Paraguay,Sub,1,0,37,0,0,1,0,6.0,0.0,0,0,6,4,1,10,1,0,0,0,1,1,0,0,0,6.0,67,0.0
614551,Nishan Velupillay,Australia,Sub,2,1,81,0,0,0,0,6.1,0.0,0,0,13,6,1,24,3,0,0,0,1,0,0,0,0,6.0,46,0.0
361709,Yunus Akgun,Turkiye,Sub,2,1,94,0,0,1,0,6.1,0.0,0,0,48,39,2,62,0,0,0,1,2,0,0,0,0,6.0,81,0.0
119109,Gervane Kastaneer,Curacao,Sub,2,0,26,0,0,1,0,6.2,0.0,0,0,9,4,0,14,3,0,3,0,2,0,0,0,0,6.0,44,0.0
413679,Yassin Fortune,Haiti,Sub,1,0,14,0,0,0,0,6.0,0.0,0,0,3,3,0,7,0,0,0,0,0,0,0,0,0,6.0,100,0.0
533012,Findlay Curtis,Scotland,Sub,2,0,22,0,0,1,0,6.1,0.0,0,0,3,2,0,7,0,0,0,0,1,0,0,0,0,6.0,67,0.0
323791,Yan Valery,Tunisia,DR,2,2,166,0,0,0,0,6.1,0.0,0,0,31,24,0,78,2,2,1,4,4,2,2,0,0,6.0,77,0.0
450474,Ibrahim Adel,Egypt,Sub,1,0,7,0,0,0,0,6.0,0.0,0,0,5,4,0,6,0,0,0,0,0,0,0,0,0,6.0,80,0.0
551965,Bazoumana Toure,Ivory Coast,ML,1,1,55,0,0,0,0,6.0,0.0,0,0,15,7,0,24,1,0,1,0,0,0,0,0,0,6.0,47,0.0
399047,Pape Gueye,Senegal,DMC,2,2,135,0,0,0,0,6.0,0.0,0,0,79,70,0,98,1,2,1,0,1,3,3,0,0,6.0,89,0.0
410337,Bamba Dieng,Senegal,Sub,1,0,17,0,0,0,0,6.0,0.0,0,0,3,3,0,4,0,0,0,0,0,0,0,0,0,6.0,100,0.0
505330,Mustafa Saadoon,Iraq,Sub,1,0,25,0,0,0,0,6.0,0.0,0,0,1,1,0,4,2,0,0,0,2,1,0,0,0,6.0,100,0.0
458392,Nawaf Bu Washl,Saudi Arabia,Sub,1,0,18,0,0,0,0,6.0,0.0,0,0,4,3,0,7,0,0,0,0,1,0,0,0,0,6.0,75,0.0
121241,Rodrigo Aguirre,Uruguay,Sub,1,0,9,0,0,0,0,6.0,0.0,0,0,1,0,0,1,0,0,0,0,0,0,0,0,0,6.0,0,0.0
431045,Mohammed Amoura,Algeria,Sub,1,0,33,0,0,0,0,6.0,0.0,0,0,6,6,1,8,0,0,0,0,1,0,0,0,0,6.0,100,0.0
322096,Houssem Aouar,Algeria,Sub,1,0,33,0,0,0,0,6.0,0.03,1,0,21,21,0,29,0,0,0,0,0,0,2,0,0,6.0,100,-0.03
602000,Adil Boulbina,Algeria,Sub,1,0,16,0,0,0,0,6.0,0.0,0,0,11,11,0,18,0,0,0,0,0,0,1,0,0,6.0,100,0.0
333741,Stefan Posch,Austria,DR,2,2,169,0,0,1,0,6.5,0.54,2,0,66,43,1,107,5,3,4,0,4,4,2,0,0,6.0,65,-0.54
124021,Phillipp Mwene,Austria,DL,1,1,58,0,0,0,0,6.0,0.0,0,0,26,22,1,36,2,0,1,0,1,0,0,0,0,6.0,85,0.0
480490,Mohammad Abu Al Nadi,Jordan,DC,1,1,71,0,0,0,0,6.0,0.0,0,0,27,21,0,43,0,0,0,0,0,3,0,0,0,6.0,78,0.0
343975,Nikola Vlasic,Croatia,Sub,1,0,19,0,0,0,0,6.0,0.0,0,0,4,2,0,6,0,1,0,0,1,0,0,0,0,6.0,50,0.0
395802,Goncalo Ramos,Portugal,Sub,1,0,12,0,0,0,0,6.0,0.0,0,0,2,2,0,3,0,0,0,0,0,0,0,0,0,6.0,100,0.0
316532,Charles Pickel,DR Congo,Sub,2,0,46,0,0,1,0,6.0,0.17,1,0,22,19,0,30,0,0,1,0,2,1,0,0,0,6.0,86,-0.17
463147,Ernest Nuamah,Ghana,MR,1,1,57,0,0,0,0,6.0,0.0,0,0,14,10,0,25,0,0,1,0,0,0,2,0,0,6.0,71,0.0
533865,Prince Adu,Ghana,Sub,2,0,45,0,0,0,0,6.0,0.43,1,1,3,3,0,14,0,0,0,0,3,0,1,0,0,6.0,100,-0.43
111779,Anibal Godoy,Panama,Sub,1,0,12,0,0,0,0,6.0,0.0,0,0,8,8,0,11,0,0,0,0,0,0,0,0,0,6.0,100,0.0
393121,Oston Urunov,Uzbekistan,AMC,1,1,45,0,0,0,0,6.0,0.0,0,0,3,2,0,8,0,0,0,1,0,0,0,0,0,6.0,67,0.0
455418,Azizbek Amonov,Uzbekistan,Sub,1,0,24,0,0,0,0,6.0,0.01,1,0,6,5,1,12,0,0,1,0,0,0,2,0,0,6.0,83,-0.01
312582,Cedric Itten,Switzerland,Sub,2,0,21,0,0,0,0,6.1,0.0,0,0,3,1,0,6,0,0,0,0,1,0,0,0,0,6.0,33,0.0
312663,Amir Hadziahmetovic,Bosnia and Herzegovina,Sub,1,0,12,0,0,0,0,6.0,0.0,0,0,4,4,0,5,0,0,1,0,0,0,0,0,0,6.0,100,0.0
298687,Auston Trusty,USA,Sub,1,0,13,0,0,0,0,6.0,0.0,0,0,2,1,0,5,0,0,0,0,0,0,0,0,0,6.0,50,0.0
443004,Simon Adingra,Ivory Coast,Sub,1,0,19,0,0,0,0,6.0,0.0,0,0,8,7,1,12,0,0,0,0,0,0,1,0,0,6.0,88,0.0
322148,Guus Til,Netherlands,Sub,1,0,37,0,0,0,0,6.0,0.0,0,0,9,8,0,11,0,0,0,0,0,0,0,0,0,6.0,89,0.0
354283,Noa Lang,Netherlands,Sub,1,0,6,0,0,0,0,6.0,0.0,0,0,1,1,0,2,0,0,0,0,0,0,0,0,0,6.0,100,0.0
436763,Isidro Pitta,Paraguay,FW,1,1,45,0,0,0,0,6.0,0.0,0,0,8,3,0,14,1,0,0,0,2,1,2,0,0,6.0,38,0.0
613716,Alexandro Maidana,Paraguay,Sub,1,0,18,0,0,0,0,6.0,0.0,0,0,4,2,0,7,0,0,0,0,0,0,0,0,0,6.0,50,0.0
417723,Jordy Caicedo,Ecuador,Sub,2,0,20,0,0,0,0,6.0,0.0,0,0,4,4,0,5,0,0,0,0,0,0,0,0,0,6.0,100,0.0
280768,Kenji Gorre,Curacao,Sub,1,0,21,0,0,0,0,6.0,0.0,0,0,2,0,0,5,1,0,0,0,0,1,0,0,0,6.0,0,0.0
447661,Khalid Al Ghannam,Saudi Arabia,Sub,1,0,9,0,0,0,0,6.0,0.0,0,0,0,0,0,0,0,0,0,0,0,0,0,0,0,6.0,,0.0
333227,Marco Friedl,Austria,Sub,1,0,31,0,0,0,0,6.0,0.0,0,0,31,30,0,34,0,0,0,0,0,0,1,0,0,6.0,97,0.0
296322,Marcus Thuram,France,Sub,1,0,2,0,0,0,0,6.0,0.0,0,0,0,0,0,0,0,0,0,0,0,0,0,0,0,6.0,,0.0
403850,Malo Gusto,France,Sub,1,0,10,0,0,0,0,6.0,0.0,0,0,7,6,0,7,0,0,0,0,1,0,0,0,0,6.0,86,0.0
421897,Gilson Benchimol,Cape Verde,FW,1,1,57,0,0,0,0,6.0,0.0,0,0,10,8,0,21,1,0,0,1,0,0,0,0,0,6.0,80,0.0
114845,Abdul Rahman Baba,Ghana,Sub,1,0,2,0,0,0,0,6.0,0.0,0,0,0,0,0,0,0,0,0,0,0,0,0,0,0,6.0,,0.0
457084,Mohammad Abu Zraiq,Jordan,Sub,1,0,6,0,0,0,0,6.0,0.0,0,0,2,1,0,3,1,0,0,0,0,0,0,0,0,6.0,50,0.0
458631,Aziz G'aniev,Uzbekistan,AMC,1,1,95,0,0,0,0,6.0,0.02,1,0,36,30,0,51,3,0,0,1,1,1,1,0,0,6.0,83,-0.02
281129,Almoez Ali,Qatar,Sub,1,0,25,0,0,0,0,6.0,0.08,1,1,3,2,0,5,0,0,0,0,0,0,1,0,0,6.0,67,-0.08
458333,Tomas Rodriguez,Panama,Sub,1,0,6,0,0,0,0,6.0,0.0,0,0,1,0,0,3,0,0,0,0,0,0,0,0,0,6.0,0,0.0
407080,Luka Sucic,Croatia,Sub,1,0,24,0,0,0,0,6.0,0.01,1,0,4,2,0,8,1,0,0,0,0,0,0,0,0,6.0,50,-0.01
417722,Felix Torres,Ecuador,Sub,1,0,13,0,0,0,0,6.0,0.0,0,0,0,0,0,1,0,0,0,0,0,1,0,0,0,6.0,,0.0
296215,Duckens Nazon,Haiti,Sub,1,0,32,0,0,1,0,6.0,0.01,1,1,3,1,0,8,0,0,0,1,0,0,0,0,0,6.0,33,-0.01
100995,Alex Sandro,Brazil,Sub,1,0,15,0,0,0,0,6.0,0.0,0,0,12,12,0,13,0,0,0,0,1,0,0,0,0,6.0,100,0.0
458348,Mahmoud Abunada,Qatar,GK,3,3,290,0,0,1,0,7.3,0.01,0,0,85,45,0,121,0,0,1,0,1,8,0,12,0,5.97,53,-0.01
454469,Jassem Gaber,Qatar,MC,3,3,149,0,0,1,0,6.3,0.0,0,0,33,25,0,47,6,1,2,0,7,3,0,0,0,5.97,76,0.0
339647,Tomas Chory,Czechia,Sub,2,0,43,0,0,0,0,6.0,0.0,0,0,11,7,0,15,0,0,4,0,2,0,0,0,0,5.95,64,0.0
447650,Homam El Amin,Qatar,DL,2,2,194,0,0,0,1,6.9,0.01,1,0,31,22,1,52,3,3,1,0,4,0,0,0,0,5.95,71,-0.01
528450,Deniz Gul,Turkiye,Sub,2,0,51,0,0,0,0,6.0,1.0,2,1,0,0,0,5,0,0,0,0,2,0,1,0,0,5.95,,-1.0
79967,Leandro Bacuna,Curacao,MC,2,2,190,0,0,1,0,6.6,0.14,4,1,80,66,2,116,7,0,3,2,3,7,1,0,0,5.95,82,-0.14
232278,Ali Abdi,Tunisia,DL,2,2,186,0,0,0,0,6.1,0.0,0,0,40,26,0,82,8,3,4,2,4,1,1,0,0,5.95,65,0.0
472205,Elias Saad,Tunisia,FW,2,2,116,0,0,0,0,6.2,0.02,1,0,26,21,0,53,1,0,0,1,1,0,3,0,0,5.95,81,-0.02
78498,Romelu Lukaku,Belgium,Sub,2,1,102,0,0,1,0,6.0,0.52,3,0,21,16,0,34,0,0,2,0,1,1,1,0,0,5.95,76,-0.52
408449,Nico Williams,Spain,Sub,2,0,46,0,0,0,0,6.0,0.0,0,0,13,11,0,23,0,0,0,0,0,0,2,0,0,5.95,85,0.0
458334,Jose Fajardo,Panama,Sub,2,1,121,0,0,0,0,6.1,0.35,1,0,14,8,0,24,2,0,2,0,2,1,0,0,0,5.95,57,-0.35
455411,Abdulla Abdullaev,Uzbekistan,DC,2,2,195,0,0,0,0,6.1,0.0,0,0,69,59,0,100,5,3,0,0,5,11,1,0,0,5.95,86,0.0
457149,Sherzod Nasrullaev,Uzbekistan,DML,2,2,90,0,0,0,0,6.0,0.05,1,1,21,14,0,27,1,1,0,0,1,1,0,0,0,5.95,67,-0.05
98309,Igor Sergeev,Uzbekistan,Sub,2,0,31,0,0,0,0,6.0,0.0,0,0,4,3,0,4,0,0,1,0,0,0,0,0,0,5.95,75,0.0
447605,Cho Gue-Sung,South Korea,Sub,2,0,43,0,0,1,0,6.0,0.42,2,1,5,3,0,11,0,0,1,0,1,0,1,0,0,5.95,60,-0.42
498795,Iqraam Rayners,South Africa,FW,3,2,162,0,0,0,0,6.3,0.07,1,0,22,18,0,43,2,0,2,1,0,2,4,0,0,5.93,82,-0.07
586823,Ayoub Al Oui,Qatar,DR,2,2,156,0,0,0,0,6.0,0.0,0,0,18,7,0,52,3,2,2,0,1,10,0,0,0,5.9,39,0.0
135057,Antonio Sanabria,Paraguay,FW,1,1,61,0,0,0,0,5.9,0.0,0,0,9,5,1,17,1,0,3,0,1,0,3,0,0,5.9,56,0.0
302991,Alejandro Romero,Paraguay,Sub,1,0,19,0,0,0,0,5.9,0.0,0,0,9,6,0,12,1,0,0,0,1,1,0,0,0,5.9,67,0.0
122945,Nathan Ake,Netherlands,Sub,1,0,16,0,0,0,0,5.9,0.0,0,0,10,9,0,12,0,0,0,0,0,0,0,0,0,5.9,90,0.0
422818,Habib Diarra,Senegal,Sub,1,0,24,0,0,0,0,5.9,0.0,0,0,9,8,0,13,0,0,0,0,2,0,0,0,0,5.9,89,0.0
457096,Ben Old,New Zealand,Sub,2,0,63,0,0,0,0,6.0,0.0,0,0,19,14,0,24,0,0,0,0,0,0,0,0,0,5.9,74,0.0
392745,Mohanad Ali,Iraq,Sub,1,0,20,0,0,0,0,5.9,0.0,0,0,2,1,0,3,0,0,0,0,0,0,0,0,0,5.9,50,0.0
484794,Ahmed Qasem,Iraq,Sub,2,1,117,0,0,0,0,5.9,0.0,0,0,15,12,1,30,1,0,1,1,0,0,5,0,0,5.9,80,0.0
397846,Matias Vina,Uruguay,DL,1,1,45,0,0,0,0,5.9,0.0,0,0,29,21,1,41,0,0,1,0,0,0,1,0,0,5.9,72,0.0
464865,Saleem Obaid,Jordan,Sub,2,0,38,0,0,0,0,6.1,0.0,0,0,14,8,0,23,2,0,0,0,1,4,0,0,0,5.9,57,0.0
262707,Eldor Shomurodov,Uzbekistan,FW,2,2,187,0,0,0,0,6.5,0.15,2,1,46,34,4,74,3,0,4,1,5,2,0,0,0,5.9,74,-0.15
43670,Lucas Mendes,Qatar,Sub,1,0,11,0,0,0,0,5.9,0.0,0,0,0,0,0,1,0,0,0,0,0,1,0,0,0,5.9,,0.0
80931,Mathew Leckie,Australia,MR,1,1,60,0,0,0,0,5.9,0.09,1,0,12,7,0,29,0,0,3,1,1,0,2,0,0,5.9,58,-0.09
362556,Ederson Silva,Brazil,Sub,1,0,15,0,0,0,0,5.9,0.65,1,0,3,3,0,8,0,1,0,0,1,0,0,0,0,5.9,100,-0.65
418588,Alexander Prass,Austria,Sub,1,0,30,0,0,0,0,5.9,0.0,0,0,14,13,0,23,0,0,0,0,0,1,0,0,0,5.9,93,0.0
446123,Youssef Amyn,Iraq,Sub,1,0,33,0,0,0,0,5.9,0.0,0,0,5,5,0,10,1,0,0,0,0,0,1,0,0,5.9,100,0.0
424673,Aimar Sher,Iraq,Sub,1,0,25,0,0,0,0,5.9,0.0,0,0,22,20,0,25,1,0,0,0,0,0,0,0,0,5.9,91,0.0
255182,Inaki Williams,Ghana,MR,1,1,65,0,0,1,0,5.9,0.0,0,0,12,9,0,16,0,0,0,0,2,0,2,0,0,5.9,75,0.0
387125,Maximilian Beier,Germany,Sub,1,0,34,0,0,0,0,5.9,0.0,0,0,9,4,0,16,0,0,0,0,1,0,0,0,0,5.9,44,0.0
445709,Damian Bobadilla,Paraguay,MC,2,1,98,0,0,0,0,6.3,0.01,0,0,13,10,0,26,6,2,0,0,0,4,0,0,0,5.85,77,-0.01
274624,Otabek Shukurov,Uzbekistan,MC,2,2,191,0,0,0,0,6.4,0.04,2,0,91,80,1,121,7,0,3,1,1,2,0,0,0,5.85,88,-0.04
371447,Lyle Foster,South Africa,FW,1,1,55,0,0,0,0,5.8,0.05,1,0,5,1,0,11,1,0,0,0,0,0,0,0,0,5.8,20,-0.05
435100,Ardon Jashari,Switzerland,Sub,1,0,9,0,0,0,0,5.8,0.02,1,0,9,7,0,11,1,0,0,0,0,0,0,0,0,5.8,78,-0.02
455931,Jearl Margaritha,Curacao,Sub,2,0,51,0,0,0,0,5.9,0.05,1,0,8,7,0,16,2,0,0,0,0,0,0,0,0,5.8,88,-0.05
409538,Jeremy Antonisse,Curacao,Sub,1,0,50,0,0,0,0,5.8,0.0,0,0,21,17,1,29,2,0,0,0,0,0,0,0,0,5.8,81,0.0
110266,Rani Khedira,Tunisia,MC,2,1,87,0,0,1,0,6.3,0.02,1,0,19,15,0,32,2,2,0,0,1,0,1,0,0,5.8,79,-0.02
377675,Firas Chaouat,Tunisia,Sub,2,0,45,0,0,0,0,5.8,0.0,0,0,8,7,0,12,0,0,1,0,0,0,2,0,0,5.8,88,0.0
405113,Jackson Porozo,Ecuador,Sub,1,0,37,0,0,1,0,5.8,0.0,0,0,12,12,0,12,0,0,0,0,2,0,0,0,0,5.8,100,0.0
379701,Ramiz Zerrouki,Algeria,Sub,2,1,60,0,0,1,0,6.2,0.0,0,0,74,69,0,84,1,2,1,0,2,2,0,0,0,5.8,93,0.0
505334,Saed Al Rosan,Jordan,Sub,1,0,22,0,0,0,0,5.8,0.0,0,0,14,12,0,18,0,0,1,0,0,3,0,0,0,5.8,86,0.0
455408,Utkir Yusupov,Uzbekistan,GK,1,1,100,0,0,0,0,5.8,0.0,0,0,23,12,0,35,0,0,1,0,0,1,0,1,0,5.8,52,0.0
382587,Evann Guessand,Ivory Coast,Sub,1,0,19,0,0,0,0,5.8,0.0,0,0,3,3,0,7,0,0,0,0,1,0,1,0,0,5.8,100,0.0
386978,Yaya Sithole,South Africa,MC,2,2,193,0,0,0,1,7.3,0.0,0,0,73,65,1,94,3,3,3,1,4,5,3,0,0,5.75,89,0.0
447676,Hassan Al Tambakti,Saudi Arabia,DC,2,2,196,0,0,0,0,6.2,0.01,0,0,63,51,0,85,3,2,1,0,0,10,0,0,0,5.75,81,-0.01
313385,Carlens Arcus,Haiti,DR,3,2,162,0,0,1,0,6.3,0.0,0,0,52,47,1,79,5,3,0,0,5,3,0,0,0,5.73,90,0.0
486042,Josue Casimir,Haiti,Sub,3,2,198,0,0,1,0,6.3,0.01,1,0,52,42,1,80,3,0,1,3,4,0,2,0,0,5.73,81,-0.01
395379,Sebastian Tounekti,Tunisia,Sub,2,1,88,0,0,0,0,5.7,0.0,0,0,13,12,0,24,1,0,0,0,1,0,2,0,0,5.7,92,0.0
431118,Aymen Dahmen,Tunisia,GK,1,1,95,0,0,0,0,5.7,0.0,0,0,23,10,0,28,0,0,1,0,0,2,0,1,0,5.7,43,0.0
455329,Francis de Vries,New Zealand,Sub,1,0,16,0,0,0,0,5.7,0.0,0,0,5,2,0,11,0,0,0,0,0,0,1,0,0,5.7,40,0.0
455427,Akmal Mozgovoy,Uzbekistan,MC,2,1,150,0,0,0,0,5.7,0.09,1,0,49,40,0,65,1,0,0,1,0,1,0,0,0,5.65,82,-0.09
578636,Mohammad Al Manai,Qatar,Sub,3,0,89,0,0,0,0,6.2,0.01,0,0,11,6,0,30,3,2,0,0,3,2,3,0,0,5.63,55,-0.01
457254,Nkosinathi Sibisi,South Africa,DC,1,1,97,0,0,1,0,5.6,0.0,0,0,50,41,0,57,0,1,0,0,1,1,0,0,0,5.6,82,0.0
377211,Assim Madibo,Qatar,MC,2,2,175,0,0,0,1,6.2,0.0,0,0,34,27,0,54,2,4,0,0,2,2,2,0,0,5.6,79,0.0
26236,Kristoffer Nordfeldt,Sweden,GK,2,2,191,0,0,0,0,6.2,0.0,0,0,62,41,0,70,0,0,0,0,0,0,0,3,0,5.5,66,0.0
455413,Odiljon Khamrobekov,Uzbekistan,MC,1,1,45,0,0,1,0,5.5,0.09,1,0,21,18,0,27,2,0,0,0,1,1,0,0,0,5.5,86,-0.09
413187,Ismael Gharbi,Tunisia,Sub,2,0,64,0,0,0,0,5.8,0.07,1,0,10,8,0,24,1,1,0,0,0,0,3,0,0,5.35,80,-0.07
401743,Miro Muheim,Switzerland,Sub,1,0,9,0,0,0,0,5.3,0.01,0,0,4,3,0,9,0,0,0,0,0,0,0,0,0,5.3,75,-0.01
238903,Ellyes Skhiri,Tunisia,MC,2,2,161,0,0,0,0,5.5,0.0,0,0,75,64,0,91,4,2,0,0,0,4,1,0,0,5.25,85,0.0
90880,Kalidou Koulibaly,Senegal,DC,2,2,170,0,0,0,0,6.2,0.0,0,0,81,69,0,101,7,2,1,0,0,5,0,0,0,5.15,85,0.0
513524,Zaid Tahseen,Iraq,DC,2,2,156,0,0,1,0,6.0,0.12,2,0,65,52,0,82,1,0,1,0,3,9,0,0,0,5.15,80,-0.12
30966,Fernando Muslera,Uruguay,GK,2,2,196,0,0,0,0,5.7,0.0,0,0,52,45,0,63,1,0,0,0,0,2,0,4,0,5.1,87,0.0
364624,Scott McKenna,Scotland,DC,1,1,96,0,0,0,0,5.0,0.0,0,0,53,49,0,61,0,0,0,0,0,3,0,0,0,5.0,92,0.0
133959,Riechedly Bazoer,Curacao,DC,1,1,95,0,0,0,0,4.9,0.0,0,0,35,31,0,46,1,1,0,0,2,5,0,0,0,4.9,89,0.0
241604,Jalal Hassan,Iraq,GK,1,1,97,0,0,0,0,4.9,0.0,0,0,30,23,0,41,0,0,0,0,0,1,0,2,0,4.9,77,0.0
458143,Ahmed Basil,Iraq,GK,1,1,92,0,0,0,0,4.9,0.0,0,0,44,30,0,53,0,0,0,0,0,2,0,2,0,4.9,68,0.0
110032,Themba Zwane,South Africa,Sub,1,0,37,0,0,0,1,4.8,0.0,0,0,7,5,0,8,1,0,0,0,1,0,1,0,0,4.8,71,0.0
457150,Abduvokhid Nematov,Uzbekistan,GK,1,1,95,0,0,0,0,4.8,0.01,0,0,22,10,0,31,0,0,0,0,0,2,0,4,0,4.8,45,-0.01
614825,Abdelmouhib Chamakh,Tunisia,GK,1,1,96,0,0,0,0,3.4,0.0,0,0,19,11,0,28,1,1,0,0,0,2,0,1,0,3.4,58,0.0
